"Light Intensity, Ch A vs Actual Angular Position, conc3 #4",
Actual Angular Position ( rad ),"Light Intensity, Ch A ( % max )"
-7.27E-05,13.5
-7.27E-05,13.5
-7.27E-05,13.5
-7.27E-05,13.5
-7.27E-05,13.5
-7.27E-05,13.5
-7.27E-05,13.4
-7.27E-05,13.5
-7.27E-05,13.5
-7.27E-05,13.5
-7.27E-05,13.5
-7.27E-05,13.4
-7.27E-05,13.5
-7.27E-05,13.5
-7.27E-05,13.5
-7.27E-05,13.4
-7.27E-05,13.4
-7.27E-05,13.5
-7.27E-05,13.4
-7.27E-05,13.5
-7.27E-05,13.4
-7.27E-05,13.4
-7.27E-05,13.4
-7.27E-05,13.4
-7.27E-05,13.4
-7.27E-05,13.4
-7.27E-05,13.4
-7.27E-05,13.4
-7.27E-05,13.4
-7.27E-05,13.4
-7.27E-05,13.4
-7.27E-05,13.4
-7.27E-05,13.4
-7.27E-05,13.4
-7.27E-05,13.4
-7.27E-05,13.4
-7.27E-05,13.4
-7.27E-05,13.4
-7.27E-05,13.4
-7.27E-05,13.4
-7.27E-05,13.4
-7.27E-05,13.4
-7.27E-05,13.4
-7.27E-05,13.4
-7.27E-05,13.4
-7.27E-05,13.4
-7.27E-05,13.4
-7.27E-05,13.4
-7.27E-05,13.5
-7.27E-05,13.4
-7.27E-05,13.4
-7.27E-05,13.4
-7.27E-05,13.4
-7.27E-05,13.4
-7.27E-05,13.4
-7.27E-05,13.4
-7.27E-05,13.4
-7.27E-05,13.4
-7.27E-05,13.4
-7.27E-05,13.4
-7.27E-05,13.5
-7.27E-05,13.4
-7.27E-05,13.4
-7.27E-05,13.4
-7.27E-05,13.4
-7.27E-05,13.4
-7.27E-05,13.4
-7.27E-05,13.5
-7.27E-05,13.5
-7.27E-05,13.5
-7.27E-05,13.5
-7.27E-05,13.5
0,13.5
0,13.5
0,13.4
0,13.4
0,13.4
0,13.4
0,13.4
0,13.4
0,13.5
0,13.5
0,13.5
0,13.5
0,13.5
0,13.5
7.27E-05,13.5
7.27E-05,13.5
7.27E-05,13.5
7.27E-05,13.5
7.27E-05,13.5
7.27E-05,13.5
7.27E-05,13.6
7.27E-05,13.6
1.45E-04,13.6
1.45E-04,13.6
1.45E-04,13.6
1.45E-04,13.6
1.45E-04,13.6
1.45E-04,13.6
1.45E-04,13.6
1.45E-04,13.6
2.18E-04,13.7
2.18E-04,13.7
2.18E-04,13.7
2.18E-04,13.7
2.18E-04,13.6
2.18E-04,13.7
2.18E-04,13.7
2.91E-04,13.6
2.91E-04,13.6
2.91E-04,13.6
2.91E-04,13.6
2.91E-04,13.6
2.91E-04,13.6
2.91E-04,13.6
2.91E-04,13.6
2.91E-04,13.6
2.91E-04,13.6
2.91E-04,13.6
2.91E-04,13.6
2.91E-04,13.6
2.91E-04,13.6
3.64E-04,13.7
3.64E-04,13.7
3.64E-04,13.7
3.64E-04,13.6
3.64E-04,13.6
3.64E-04,13.6
3.64E-04,13.6
3.64E-04,13.6
3.64E-04,13.6
4.36E-04,13.6
4.36E-04,13.6
4.36E-04,13.6
4.36E-04,13.6
4.36E-04,13.6
5.09E-04,13.6
5.09E-04,13.6
6.55E-04,13.6
8.00E-04,13.7
1.02E-03,13.7
1.24E-03,13.7
1.53E-03,13.7
1.82E-03,13.7
2.18E-03,13.7
2.62E-03,13.8
3.05E-03,13.8
3.49E-03,13.8
3.85E-03,13.9
4.22E-03,13.9
4.51E-03,13.9
4.87E-03,13.9
5.24E-03,13.9
5.60E-03,14
5.89E-03,14.1
6.18E-03,14.1
6.55E-03,14.1
6.84E-03,14.1
7.13E-03,14.1
7.42E-03,14.1
7.64E-03,14.2
7.93E-03,14.2
8.22E-03,14.2
8.58E-03,14.2
8.95E-03,14.2
9.31E-03,14.3
9.67E-03,14.3
9.96E-03,14.3
0.01,14.3
0.011,14.3
0.011,14.3
0.011,14.3
0.012,14.4
0.012,14.4
0.013,14.4
0.013,14.4
0.013,14.4
0.014,14.4
0.014,14.4
0.014,14.4
0.014,14.4
0.015,14.5
0.015,14.4
0.015,14.5
0.015,14.5
0.015,14.5
0.016,14.5
0.016,14.5
0.016,14.5
0.016,14.5
0.016,14.5
0.017,14.5
0.017,14.5
0.017,14.5
0.017,14.5
0.017,14.5
0.018,14.5
0.018,14.5
0.018,14.5
0.018,14.5
0.018,14.5
0.019,14.5
0.019,14.5
0.019,14.5
0.019,14.5
0.019,14.5
0.02,14.5
0.02,14.6
0.02,14.6
0.02,14.5
0.02,14.5
0.021,14.5
0.021,14.6
0.021,14.5
0.021,14.6
0.021,14.5
0.021,14.5
0.021,14.6
0.022,14.6
0.022,14.6
0.022,14.6
0.022,14.6
0.023,14.6
0.023,14.6
0.023,14.6
0.023,14.6
0.023,14.6
0.023,14.6
0.024,14.6
0.024,14.6
0.024,14.6
0.024,14.6
0.025,14.5
0.025,14.5
0.025,14.5
0.025,14.5
0.025,14.5
0.025,14.6
0.026,14.6
0.026,14.6
0.026,14.6
0.026,14.6
0.026,14.6
0.026,14.6
0.026,14.6
0.027,14.6
0.027,14.6
0.027,14.6
0.027,14.6
0.027,14.6
0.027,14.6
0.027,14.6
0.028,14.6
0.028,14.6
0.028,14.6
0.028,14.6
0.028,14.5
0.029,14.6
0.029,14.6
0.029,14.6
0.029,14.6
0.03,14.5
0.03,14.5
0.03,14.5
0.03,14.6
0.03,14.5
0.031,14.5
0.031,14.5
0.031,14.5
0.031,14.5
0.031,14.5
0.032,14.5
0.032,14.4
0.032,14.4
0.032,14.5
0.032,14.5
0.033,14.4
0.033,14.4
0.033,14.4
0.033,14.5
0.033,14.4
0.033,14.4
0.034,14.4
0.034,14.4
0.034,14.4
0.034,14.4
0.034,14.4
0.034,14.4
0.034,14.4
0.035,14.4
0.035,14.4
0.035,14.4
0.035,14.4
0.035,14.4
0.035,14.4
0.035,14.4
0.036,14.4
0.036,14.4
0.036,14.3
0.036,14.3
0.036,14.3
0.036,14.3
0.037,14.3
0.037,14.3
0.037,14.3
0.037,14.3
0.037,14.3
0.037,14.3
0.037,14.3
0.038,14.3
0.038,14.3
0.038,14.3
0.038,14.3
0.038,14.3
0.038,14.3
0.038,14.3
0.038,14.3
0.039,14.2
0.039,14.2
0.039,14.2
0.039,14.2
0.039,14.2
0.039,14.2
0.039,14.2
0.039,14.2
0.04,14.2
0.04,14.2
0.04,14.1
0.04,14.1
0.04,14.1
0.04,14.1
0.04,14.2
0.041,14.2
0.041,14.1
0.041,14.1
0.041,14.1
0.041,14.1
0.041,14.1
0.041,14.1
0.041,14.1
0.042,14.1
0.042,14.1
0.042,14.1
0.042,14.1
0.042,14.1
0.042,14.1
0.042,14.1
0.042,14.1
0.043,14.1
0.043,14
0.043,14
0.043,14
0.043,14
0.043,14
0.043,14
0.043,13.9
0.044,13.9
0.044,14
0.044,14
0.044,13.9
0.044,13.9
0.044,13.9
0.044,13.9
0.044,13.9
0.044,13.9
0.045,13.9
0.045,13.9
0.045,13.9
0.045,13.8
0.045,13.8
0.045,13.8
0.045,13.8
0.046,13.9
0.046,13.8
0.046,13.8
0.046,13.8
0.046,13.8
0.046,13.8
0.046,13.8
0.046,13.8
0.047,13.7
0.047,13.7
0.047,13.7
0.047,13.7
0.047,13.7
0.047,13.7
0.047,13.7
0.047,13.7
0.047,13.7
0.048,13.7
0.048,13.6
0.048,13.6
0.048,13.6
0.048,13.6
0.048,13.6
0.048,13.6
0.049,13.6
0.049,13.6
0.049,13.6
0.049,13.6
0.049,13.6
0.049,13.6
0.049,13.6
0.049,13.6
0.049,13.6
0.05,13.5
0.05,13.5
0.05,13.5
0.05,13.5
0.05,13.4
0.05,13.4
0.05,13.4
0.05,13.4
0.05,13.4
0.05,13.5
0.051,13.4
0.051,13.4
0.051,13.4
0.051,13.4
0.051,13.4
0.051,13.3
0.052,13.3
0.052,13.3
0.052,13.3
0.052,13.3
0.052,13.3
0.052,13.3
0.052,13.3
0.052,13.2
0.053,13.2
0.053,13.2
0.053,13.2
0.053,13.2
0.053,13.2
0.053,13.1
0.053,13.1
0.054,13.1
0.054,13.1
0.054,13.1
0.054,13.1
0.054,13
0.054,13
0.054,13
0.054,13
0.054,13
0.055,13
0.055,13
0.055,13
0.055,13
0.055,12.9
0.055,13
0.055,13
0.055,13
0.055,13
0.056,13
0.056,13
0.056,13
0.056,13
0.056,12.9
0.056,12.9
0.057,12.9
0.057,12.9
0.057,12.9
0.057,12.9
0.057,12.8
0.057,12.8
0.058,12.8
0.058,12.8
0.058,12.8
0.058,12.8
0.058,12.7
0.058,12.7
0.058,12.7
0.059,12.6
0.059,12.6
0.059,12.6
0.059,12.6
0.059,12.5
0.059,12.5
0.059,12.5
0.06,12.5
0.06,12.5
0.06,12.5
0.06,12.5
0.06,12.5
0.06,12.5
0.06,12.5
0.06,12.4
0.061,12.4
0.061,12.4
0.061,12.3
0.061,12.3
0.061,12.3
0.061,12.2
0.061,12.2
0.062,12.2
0.062,12.2
0.062,12.2
0.062,12.2
0.062,12.1
0.063,12.1
0.063,12.1
0.063,12
0.063,12
0.063,11.9
0.064,11.9
0.064,11.9
0.064,11.8
0.064,11.8
0.064,11.8
0.064,11.8
0.065,11.7
0.065,11.7
0.065,11.7
0.065,11.7
0.065,11.6
0.065,11.6
0.066,11.6
0.066,11.5
0.066,11.5
0.066,11.5
0.066,11.5
0.066,11.4
0.066,11.4
0.067,11.4
0.067,11.3
0.067,11.3
0.067,11.3
0.067,11.3
0.067,11.3
0.067,11.2
0.068,11.2
0.068,11.2
0.068,11.1
0.068,11.1
0.068,11.1
0.068,11
0.068,11
0.069,11
0.069,11
0.069,10.9
0.069,10.8
0.069,10.8
0.069,10.7
0.07,10.7
0.07,10.7
0.07,10.6
0.07,10.6
0.07,10.5
0.07,10.5
0.071,10.4
0.071,10.4
0.071,10.3
0.071,10.3
0.071,10.2
0.071,10.2
0.072,10.1
0.072,10.1
0.072,10
0.072,9.9
0.073,9.9
0.073,9.8
0.073,9.8
0.073,9.7
0.073,9.7
0.073,9.6
0.073,9.5
0.073,9.5
0.074,9.4
0.074,9.4
0.074,9.4
0.074,9.4
0.074,9.3
0.074,9.3
0.074,9.3
0.074,9.2
0.074,9.2
0.074,9.1
0.075,9.1
0.075,9
0.075,9
0.075,8.9
0.075,8.8
0.075,8.7
0.075,8.7
0.076,8.6
0.076,8.5
0.076,8.4
0.076,8.4
0.076,8.3
0.076,8.3
0.076,8.2
0.076,8.1
0.077,8.1
0.077,8.1
0.077,8
0.077,7.9
0.077,7.9
0.077,7.8
0.077,7.8
0.077,7.7
0.078,7.7
0.078,7.6
0.078,7.5
0.078,7.4
0.078,7.4
0.078,7.3
0.078,7.3
0.078,7.3
0.078,7.2
0.078,7.2
0.079,7.1
0.079,7.1
0.079,7
0.079,7
0.079,6.9
0.079,6.8
0.079,6.8
0.079,6.7
0.079,6.7
0.079,6.7
0.079,6.6
0.08,6.6
0.08,6.6
0.08,6.5
0.08,6.4
0.08,6.4
0.08,6.3
0.08,6.3
0.08,6.2
0.08,6.2
0.08,6.1
0.081,6.1
0.081,6
0.081,6
0.081,5.9
0.081,5.9
0.081,5.8
0.081,5.8
0.081,5.7
0.081,5.6
0.082,5.6
0.082,5.5
0.082,5.5
0.082,5.4
0.082,5.4
0.082,5.3
0.082,5.3
0.082,5.2
0.082,5.2
0.082,5.2
0.083,5.2
0.083,5.1
0.083,5.1
0.083,5
0.083,5
0.083,4.9
0.083,4.9
0.083,4.9
0.083,4.8
0.083,4.8
0.083,4.7
0.084,4.7
0.084,4.7
0.084,4.7
0.084,4.6
0.084,4.6
0.084,4.5
0.084,4.5
0.084,4.4
0.085,4.4
0.085,4.4
0.085,4.3
0.085,4.3
0.085,4.2
0.085,4.2
0.085,4.2
0.085,4.1
0.085,4.1
0.085,4.1
0.086,4.1
0.086,4.1
0.086,4
0.086,4
0.086,4
0.086,3.9
0.086,3.9
0.086,3.9
0.086,3.9
0.087,3.9
0.087,3.8
0.087,3.8
0.087,3.8
0.087,3.8
0.087,3.8
0.087,3.7
0.087,3.7
0.087,3.7
0.088,3.7
0.088,3.7
0.088,3.6
0.088,3.6
0.088,3.6
0.088,3.6
0.088,3.6
0.089,3.6
0.089,3.6
0.089,3.5
0.089,3.5
0.089,3.5
0.089,3.5
0.089,3.5
0.089,3.5
0.09,3.5
0.09,3.5
0.09,3.5
0.09,3.5
0.09,3.5
0.09,3.4
0.09,3.4
0.09,3.4
0.091,3.5
0.091,3.4
0.091,3.5
0.091,3.4
0.091,3.5
0.091,3.4
0.091,3.5
0.092,3.4
0.092,3.4
0.092,3.5
0.092,3.5
0.092,3.4
0.092,3.5
0.093,3.5
0.093,3.5
0.093,3.5
0.093,3.5
0.093,3.5
0.093,3.5
0.093,3.5
0.094,3.5
0.094,3.5
0.094,3.5
0.094,3.5
0.094,3.6
0.094,3.6
0.095,3.6
0.095,3.6
0.095,3.6
0.095,3.6
0.095,3.6
0.096,3.7
0.096,3.7
0.096,3.7
0.096,3.7
0.096,3.7
0.096,3.7
0.097,3.7
0.097,3.7
0.097,3.7
0.097,3.7
0.097,3.7
0.097,3.8
0.098,3.8
0.098,3.8
0.098,3.8
0.098,3.8
0.098,3.8
0.098,3.9
0.098,3.9
0.099,3.9
0.099,3.9
0.099,3.9
0.099,3.9
0.099,3.9
0.099,3.9
0.099,3.9
0.099,3.9
0.1,3.9
0.1,3.9
0.1,4
0.1,4
0.1,4
0.1,4
0.1,4
0.1,4
0.101,4
0.101,4
0.101,4
0.101,4
0.101,4
0.101,4
0.102,4
0.102,4
0.102,4.1
0.102,4.1
0.102,4
0.102,4
0.102,4.1
0.102,4
0.103,4.1
0.103,4.1
0.103,4.1
0.103,4.1
0.103,4.1
0.104,4.1
0.104,4.1
0.104,4.1
0.104,4.1
0.104,4
0.104,4
0.104,4
0.105,4
0.105,4
0.105,4
0.105,4
0.105,4
0.105,4
0.105,4
0.105,4
0.106,4
0.106,4
0.106,4
0.106,4
0.106,4
0.106,4
0.107,3.9
0.107,3.9
0.107,3.9
0.107,3.9
0.107,3.9
0.107,3.9
0.107,3.9
0.108,3.9
0.108,3.9
0.108,3.9
0.108,3.9
0.108,3.9
0.108,3.9
0.108,3.9
0.109,3.9
0.109,3.8
0.109,3.8
0.109,3.8
0.109,3.8
0.109,3.8
0.109,3.8
0.109,3.8
0.109,3.8
0.11,3.8
0.11,3.8
0.11,3.7
0.11,3.7
0.11,3.8
0.11,3.7
0.11,3.7
0.11,3.7
0.11,3.7
0.11,3.7
0.111,3.7
0.111,3.7
0.111,3.7
0.111,3.7
0.111,3.7
0.111,3.7
0.112,3.7
0.112,3.7
0.112,3.6
0.112,3.6
0.112,3.6
0.112,3.6
0.113,3.6
0.113,3.6
0.113,3.6
0.113,3.6
0.113,3.6
0.113,3.6
0.114,3.5
0.114,3.5
0.114,3.6
0.114,3.5
0.114,3.5
0.114,3.5
0.114,3.5
0.114,3.5
0.115,3.5
0.115,3.5
0.115,3.5
0.115,3.5
0.115,3.5
0.115,3.5
0.115,3.5
0.115,3.5
0.115,3.5
0.116,3.5
0.116,3.5
0.116,3.5
0.116,3.5
0.116,3.5
0.116,3.5
0.116,3.5
0.116,3.5
0.117,3.5
0.117,3.5
0.117,3.5
0.117,3.5
0.117,3.5
0.117,3.4
0.117,3.5
0.117,3.5
0.117,3.5
0.118,3.4
0.118,3.4
0.118,3.4
0.118,3.4
0.118,3.4
0.118,3.4
0.118,3.4
0.118,3.4
0.118,3.4
0.119,3.4
0.119,3.4
0.119,3.4
0.119,3.4
0.119,3.4
0.119,3.4
0.119,3.4
0.119,3.4
0.12,3.4
0.12,3.4
0.12,3.4
0.12,3.4
0.12,3.4
0.12,3.4
0.12,3.4
0.12,3.4
0.12,3.4
0.121,3.4
0.121,3.4
0.121,3.3
0.121,3.4
0.121,3.3
0.121,3.3
0.121,3.3
0.121,3.3
0.121,3.3
0.122,3.3
0.122,3.3
0.122,3.3
0.122,3.3
0.122,3.3
0.122,3.3
0.122,3.3
0.122,3.3
0.123,3.3
0.123,3.3
0.123,3.3
0.123,3.3
0.123,3.3
0.123,3.3
0.123,3.3
0.124,3.3
0.124,3.2
0.124,3.3
0.124,3.3
0.124,3.3
0.124,3.2
0.124,3.2
0.124,3.2
0.125,3.2
0.125,3.2
0.125,3.2
0.125,3.2
0.125,3.2
0.125,3.2
0.126,3.2
0.126,3.2
0.126,3.2
0.126,3.2
0.126,3.2
0.126,3.2
0.127,3.1
0.127,3.1
0.127,3.1
0.127,3.1
0.127,3.1
0.128,3.1
0.128,3.1
0.128,3.1
0.128,3.1
0.128,3.1
0.128,3.1
0.129,3
0.129,3
0.129,3
0.129,3
0.13,3
0.13,3
0.13,3
0.13,2.9
0.13,2.9
0.131,2.9
0.131,2.9
0.131,2.9
0.131,2.9
0.132,2.8
0.132,2.8
0.132,2.8
0.132,2.8
0.132,2.8
0.132,2.8
0.133,2.8
0.133,2.8
0.133,2.8
0.133,2.8
0.133,2.7
0.134,2.7
0.134,2.7
0.134,2.7
0.134,2.7
0.134,2.7
0.134,2.7
0.134,2.7
0.135,2.7
0.135,2.7
0.135,2.7
0.135,2.7
0.135,2.6
0.135,2.6
0.135,2.6
0.136,2.6
0.136,2.6
0.136,2.6
0.136,2.6
0.136,2.6
0.136,2.6
0.136,2.6
0.137,2.5
0.137,2.5
0.137,2.5
0.137,2.5
0.137,2.5
0.138,2.5
0.138,2.5
0.138,2.4
0.138,2.5
0.138,2.4
0.139,2.4
0.139,2.4
0.139,2.4
0.139,2.4
0.139,2.4
0.139,2.4
0.139,2.4
0.14,2.3
0.14,2.3
0.14,2.3
0.14,2.3
0.14,2.3
0.141,2.3
0.141,2.3
0.141,2.3
0.141,2.2
0.141,2.2
0.142,2.2
0.142,2.2
0.142,2.2
0.142,2.2
0.142,2.2
0.142,2.2
0.142,2.2
0.142,2.1
0.143,2.1
0.143,2.1
0.143,2.1
0.143,2.1
0.143,2.1
0.143,2.1
0.144,2.1
0.144,2.1
0.144,2.1
0.144,2.1
0.144,2.1
0.145,2
0.145,2
0.145,2
0.145,2
0.145,2
0.145,2
0.146,2
0.146,2
0.146,2
0.146,2
0.146,1.9
0.146,1.9
0.146,1.9
0.147,1.9
0.147,1.9
0.147,1.9
0.147,1.9
0.147,1.9
0.147,1.9
0.148,1.9
0.148,1.9
0.148,1.8
0.148,1.8
0.148,1.8
0.149,1.8
0.149,1.8
0.149,1.8
0.149,1.8
0.149,1.8
0.15,1.8
0.15,1.8
0.15,1.7
0.15,1.7
0.15,1.7
0.15,1.7
0.151,1.7
0.151,1.7
0.151,1.7
0.151,1.7
0.151,1.7
0.151,1.7
0.151,1.7
0.152,1.7
0.152,1.6
0.152,1.6
0.152,1.6
0.152,1.6
0.152,1.6
0.152,1.6
0.152,1.6
0.152,1.6
0.152,1.6
0.153,1.6
0.153,1.6
0.153,1.6
0.153,1.6
0.153,1.6
0.153,1.6
0.153,1.6
0.153,1.6
0.154,1.6
0.154,1.6
0.154,1.5
0.154,1.6
0.154,1.5
0.154,1.5
0.154,1.5
0.155,1.5
0.155,1.5
0.155,1.5
0.155,1.5
0.155,1.5
0.155,1.5
0.155,1.5
0.155,1.5
0.156,1.4
0.156,1.5
0.156,1.5
0.156,1.5
0.156,1.4
0.156,1.4
0.156,1.4
0.156,1.4
0.156,1.4
0.157,1.4
0.157,1.4
0.157,1.4
0.157,1.4
0.157,1.4
0.157,1.4
0.158,1.4
0.158,1.4
0.158,1.4
0.158,1.3
0.159,1.4
0.159,1.3
0.159,1.3
0.159,1.3
0.159,1.3
0.159,1.3
0.16,1.3
0.16,1.3
0.16,1.3
0.16,1.3
0.16,1.3
0.16,1.3
0.16,1.3
0.16,1.2
0.16,1.3
0.16,1.2
0.16,1.2
0.161,1.2
0.161,1.2
0.161,1.2
0.161,1.2
0.161,1.2
0.161,1.2
0.161,1.2
0.161,1.2
0.161,1.2
0.162,1.2
0.162,1.2
0.162,1.2
0.162,1.2
0.162,1.2
0.162,1.2
0.162,1.2
0.162,1.2
0.162,1.2
0.162,1.2
0.163,1.2
0.163,1.2
0.163,1.2
0.163,1.2
0.163,1.1
0.163,1.1
0.163,1.1
0.163,1.1
0.164,1.1
0.164,1.1
0.164,1.1
0.164,1.1
0.164,1.1
0.164,1.1
0.164,1.1
0.164,1.1
0.165,1.1
0.165,1.1
0.165,1.1
0.165,1.1
0.165,1.1
0.165,1.1
0.165,1.1
0.166,1.1
0.166,1.1
0.166,1.1
0.166,1
0.166,1.1
0.166,1.1
0.166,1
0.166,1
0.166,1
0.166,1
0.167,1
0.167,1
0.167,1
0.167,1
0.167,1
0.167,1
0.167,1
0.167,1
0.167,1
0.167,1
0.167,1
0.168,1
0.168,1
0.168,1
0.168,1
0.168,1
0.168,1
0.168,1
0.168,1
0.168,1
0.168,1
0.169,1
0.169,1
0.169,1
0.169,1
0.169,1
0.169,1
0.169,1
0.169,1
0.17,1
0.17,1
0.17,0.9
0.17,0.9
0.17,1
0.17,1
0.17,0.9
0.17,0.9
0.17,0.9
0.171,0.9
0.171,0.9
0.171,0.9
0.171,0.9
0.171,0.9
0.171,0.9
0.171,0.9
0.171,0.9
0.172,0.9
0.172,0.9
0.172,0.9
0.172,0.9
0.172,0.9
0.172,0.9
0.172,0.9
0.173,0.9
0.173,0.9
0.173,0.9
0.173,0.9
0.173,0.9
0.173,0.9
0.173,0.9
0.174,0.9
0.174,0.9
0.174,0.9
0.174,0.8
0.174,0.8
0.174,0.8
0.174,0.8
0.175,0.8
0.175,0.8
0.175,0.8
0.175,0.8
0.175,0.8
0.175,0.8
0.175,0.8
0.176,0.8
0.176,0.8
0.176,0.8
0.176,0.8
0.176,0.8
0.176,0.8
0.177,0.8
0.177,0.8
0.177,0.8
0.177,0.8
0.177,0.8
0.177,0.8
0.178,0.8
0.178,0.8
0.178,0.8
0.178,0.8
0.178,0.8
0.179,0.7
0.179,0.8
0.179,0.8
0.179,0.8
0.179,0.7
0.179,0.8
0.179,0.8
0.18,0.7
0.18,0.7
0.18,0.8
0.18,0.7
0.18,0.8
0.18,0.7
0.18,0.7
0.18,0.7
0.181,0.7
0.181,0.7
0.181,0.7
0.181,0.7
0.181,0.7
0.181,0.7
0.182,0.7
0.182,0.7
0.182,0.7
0.182,0.7
0.182,0.7
0.182,0.7
0.182,0.7
0.182,0.7
0.183,0.7
0.183,0.7
0.183,0.7
0.183,0.7
0.183,0.7
0.183,0.7
0.183,0.7
0.183,0.7
0.183,0.7
0.184,0.7
0.184,0.7
0.184,0.7
0.184,0.7
0.184,0.7
0.184,0.7
0.184,0.7
0.185,0.6
0.185,0.7
0.185,0.7
0.185,0.7
0.185,0.6
0.185,0.6
0.185,0.7
0.186,0.7
0.186,0.7
0.186,0.6
0.186,0.7
0.186,0.6
0.186,0.7
0.186,0.6
0.187,0.6
0.187,0.6
0.187,0.6
0.187,0.6
0.187,0.6
0.187,0.6
0.188,0.6
0.188,0.6
0.188,0.6
0.188,0.6
0.188,0.6
0.188,0.6
0.188,0.6
0.189,0.6
0.189,0.6
0.189,0.6
0.189,0.6
0.189,0.6
0.189,0.6
0.189,0.6
0.19,0.6
0.19,0.6
0.19,0.6
0.19,0.6
0.19,0.6
0.19,0.6
0.19,0.6
0.191,0.6
0.191,0.6
0.191,0.6
0.191,0.6
0.191,0.6
0.191,0.6
0.191,0.6
0.192,0.6
0.192,0.6
0.192,0.6
0.192,0.6
0.192,0.6
0.192,0.6
0.192,0.6
0.193,0.6
0.193,0.6
0.193,0.6
0.193,0.6
0.193,0.6
0.193,0.6
0.193,0.6
0.194,0.6
0.194,0.6
0.194,0.6
0.194,0.6
0.194,0.6
0.194,0.6
0.194,0.6
0.195,0.6
0.195,0.6
0.195,0.6
0.195,0.6
0.195,0.6
0.195,0.6
0.195,0.6
0.195,0.6
0.195,0.6
0.196,0.6
0.196,0.6
0.196,0.5
0.196,0.6
0.196,0.6
0.196,0.6
0.196,0.6
0.196,0.6
0.197,0.6
0.197,0.6
0.197,0.6
0.197,0.6
0.197,0.6
0.197,0.6
0.197,0.6
0.197,0.6
0.197,0.6
0.198,0.6
0.198,0.6
0.198,0.6
0.198,0.6
0.198,0.6
0.198,0.6
0.198,0.6
0.198,0.6
0.198,0.5
0.198,0.6
0.199,0.6
0.199,0.6
0.199,0.6
0.199,0.6
0.199,0.6
0.199,0.6
0.199,0.6
0.199,0.6
0.199,0.6
0.199,0.6
0.2,0.6
0.2,0.6
0.2,0.6
0.2,0.6
0.2,0.5
0.2,0.6
0.2,0.6
0.2,0.6
0.201,0.6
0.201,0.6
0.201,0.6
0.201,0.5
0.201,0.6
0.201,0.6
0.201,0.6
0.201,0.6
0.201,0.6
0.201,0.6
0.201,0.6
0.202,0.6
0.202,0.6
0.202,0.6
0.202,0.6
0.202,0.6
0.202,0.5
0.202,0.6
0.202,0.6
0.202,0.6
0.203,0.6
0.203,0.6
0.203,0.5
0.203,0.6
0.203,0.6
0.203,0.6
0.203,0.5
0.203,0.6
0.204,0.6
0.204,0.5
0.204,0.6
0.204,0.5
0.204,0.5
0.204,0.5
0.204,0.5
0.204,0.6
0.204,0.5
0.205,0.6
0.205,0.5
0.205,0.6
0.205,0.6
0.205,0.5
0.205,0.5
0.205,0.5
0.205,0.6
0.206,0.6
0.206,0.5
0.206,0.6
0.206,0.6
0.206,0.5
0.206,0.5
0.206,0.5
0.206,0.5
0.206,0.5
0.207,0.5
0.207,0.6
0.207,0.6
0.207,0.6
0.207,0.5
0.207,0.6
0.207,0.5
0.207,0.6
0.207,0.5
0.207,0.5
0.208,0.5
0.208,0.5
0.208,0.5
0.208,0.6
0.208,0.5
0.208,0.6
0.208,0.5
0.208,0.6
0.208,0.5
0.209,0.5
0.209,0.5
0.209,0.5
0.209,0.6
0.209,0.6
0.209,0.6
0.21,0.5
0.21,0.6
0.21,0.5
0.21,0.5
0.21,0.5
0.21,0.5
0.21,0.5
0.211,0.5
0.211,0.6
0.211,0.5
0.211,0.5
0.211,0.6
0.211,0.5
0.212,0.6
0.212,0.5
0.212,0.5
0.212,0.5
0.212,0.6
0.212,0.5
0.212,0.6
0.212,0.5
0.213,0.5
0.213,0.5
0.213,0.5
0.213,0.5
0.213,0.5
0.213,0.5
0.213,0.5
0.213,0.5
0.213,0.5
0.213,0.5
0.214,0.5
0.214,0.6
0.214,0.5
0.214,0.6
0.214,0.6
0.214,0.6
0.214,0.6
0.214,0.5
0.214,0.5
0.215,0.5
0.215,0.5
0.215,0.6
0.215,0.6
0.215,0.5
0.215,0.6
0.215,0.6
0.215,0.5
0.215,0.5
0.215,0.5
0.215,0.5
0.216,0.6
0.216,0.5
0.216,0.6
0.216,0.5
0.216,0.5
0.216,0.5
0.216,0.5
0.216,0.5
0.216,0.5
0.216,0.5
0.216,0.6
0.217,0.5
0.217,0.6
0.217,0.5
0.217,0.6
0.217,0.6
0.217,0.6
0.217,0.5
0.217,0.5
0.218,0.5
0.218,0.6
0.218,0.5
0.218,0.5
0.218,0.5
0.218,0.5
0.218,0.5
0.218,0.5
0.219,0.5
0.219,0.5
0.219,0.6
0.219,0.5
0.219,0.5
0.219,0.5
0.219,0.5
0.219,0.6
0.219,0.6
0.22,0.5
0.22,0.5
0.22,0.5
0.22,0.5
0.22,0.5
0.22,0.5
0.22,0.5
0.22,0.5
0.22,0.6
0.221,0.5
0.221,0.5
0.221,0.6
0.221,0.5
0.221,0.5
0.221,0.6
0.221,0.5
0.221,0.5
0.222,0.5
0.222,0.5
0.222,0.5
0.222,0.5
0.222,0.6
0.222,0.6
0.222,0.5
0.222,0.5
0.222,0.5
0.223,0.5
0.223,0.5
0.223,0.5
0.223,0.6
0.223,0.5
0.223,0.6
0.223,0.6
0.223,0.5
0.223,0.5
0.224,0.5
0.224,0.6
0.224,0.5
0.224,0.6
0.224,0.5
0.224,0.5
0.224,0.5
0.224,0.5
0.224,0.5
0.225,0.6
0.225,0.6
0.225,0.5
0.225,0.5
0.225,0.5
0.225,0.5
0.225,0.5
0.225,0.5
0.226,0.5
0.226,0.5
0.226,0.5
0.226,0.5
0.226,0.5
0.226,0.5
0.226,0.5
0.226,0.5
0.226,0.5
0.226,0.5
0.226,0.5
0.227,0.5
0.227,0.6
0.227,0.5
0.227,0.6
0.227,0.5
0.227,0.5
0.227,0.5
0.227,0.6
0.227,0.5
0.228,0.6
0.228,0.6
0.228,0.6
0.228,0.5
0.228,0.5
0.228,0.6
0.228,0.5
0.229,0.6
0.229,0.5
0.229,0.5
0.229,0.5
0.229,0.5
0.229,0.6
0.229,0.5
0.23,0.5
0.23,0.5
0.23,0.5
0.23,0.5
0.23,0.5
0.23,0.5
0.23,0.6
0.23,0.5
0.231,0.6
0.231,0.5
0.231,0.5
0.231,0.6
0.231,0.5
0.231,0.5
0.231,0.5
0.231,0.5
0.232,0.5
0.232,0.5
0.232,0.6
0.232,0.5
0.232,0.5
0.232,0.5
0.232,0.5
0.232,0.5
0.233,0.5
0.233,0.5
0.233,0.6
0.233,0.5
0.233,0.5
0.233,0.5
0.233,0.6
0.234,0.5
0.234,0.6
0.234,0.6
0.234,0.5
0.234,0.5
0.234,0.5
0.234,0.5
0.234,0.5
0.234,0.6
0.234,0.6
0.235,0.5
0.235,0.5
0.235,0.5
0.235,0.5
0.235,0.5
0.235,0.5
0.235,0.6
0.235,0.6
0.236,0.5
0.236,0.6
0.236,0.5
0.236,0.5
0.236,0.5
0.236,0.5
0.236,0.5
0.236,0.5
0.236,0.5
0.237,0.5
0.237,0.6
0.237,0.6
0.237,0.5
0.237,0.6
0.237,0.6
0.238,0.6
0.238,0.5
0.238,0.5
0.238,0.5
0.238,0.5
0.238,0.6
0.238,0.5
0.238,0.5
0.239,0.5
0.239,0.5
0.239,0.5
0.239,0.6
0.239,0.6
0.239,0.5
0.239,0.5
0.239,0.5
0.239,0.5
0.24,0.5
0.24,0.5
0.24,0.5
0.24,0.5
0.24,0.5
0.24,0.6
0.24,0.6
0.24,0.6
0.24,0.5
0.241,0.5
0.241,0.6
0.241,0.5
0.241,0.5
0.241,0.5
0.241,0.5
0.241,0.5
0.241,0.6
0.241,0.6
0.242,0.5
0.242,0.5
0.242,0.5
0.242,0.5
0.242,0.5
0.242,0.5
0.242,0.5
0.242,0.5
0.242,0.6
0.243,0.5
0.243,0.5
0.243,0.5
0.243,0.5
0.243,0.6
0.243,0.6
0.243,0.5
0.243,0.5
0.243,0.5
0.244,0.5
0.244,0.5
0.244,0.5
0.244,0.5
0.244,0.5
0.244,0.5
0.244,0.5
0.244,0.5
0.245,0.5
0.245,0.5
0.245,0.6
0.245,0.6
0.245,0.6
0.245,0.6
0.245,0.5
0.245,0.5
0.245,0.5
0.245,0.5
0.246,0.5
0.246,0.5
0.246,0.5
0.246,0.5
0.246,0.5
0.246,0.5
0.246,0.6
0.246,0.6
0.246,0.5
0.246,0.5
0.246,0.5
0.247,0.5
0.247,0.5
0.247,0.5
0.247,0.5
0.247,0.5
0.247,0.5
0.247,0.6
0.247,0.5
0.247,0.5
0.248,0.6
0.248,0.5
0.248,0.6
0.248,0.5
0.248,0.5
0.248,0.5
0.248,0.5
0.248,0.5
0.248,0.5
0.248,0.5
0.249,0.5
0.249,0.5
0.249,0.6
0.249,0.5
0.249,0.5
0.249,0.5
0.249,0.5
0.249,0.6
0.249,0.5
0.25,0.5
0.25,0.6
0.25,0.5
0.25,0.6
0.25,0.6
0.25,0.5
0.25,0.5
0.25,0.6
0.25,0.5
0.251,0.5
0.251,0.5
0.251,0.5
0.251,0.5
0.251,0.5
0.251,0.5
0.251,0.5
0.251,0.5
0.251,0.5
0.252,0.5
0.252,0.5
0.252,0.5
0.252,0.5
0.252,0.6
0.252,0.5
0.252,0.6
0.252,0.5
0.252,0.6
0.253,0.5
0.253,0.5
0.253,0.6
0.253,0.5
0.253,0.5
0.253,0.5
0.253,0.6
0.253,0.5
0.253,0.5
0.254,0.5
0.254,0.6
0.254,0.6
0.254,0.6
0.254,0.5
0.254,0.6
0.254,0.5
0.254,0.5
0.254,0.5
0.254,0.5
0.255,0.5
0.255,0.5
0.255,0.6
0.255,0.6
0.255,0.5
0.255,0.6
0.255,0.5
0.255,0.6
0.255,0.6
0.256,0.5
0.256,0.6
0.256,0.5
0.256,0.6
0.256,0.5
0.256,0.6
0.256,0.5
0.257,0.6
0.257,0.5
0.257,0.5
0.257,0.6
0.257,0.5
0.257,0.5
0.257,0.5
0.258,0.6
0.258,0.6
0.258,0.5
0.258,0.5
0.258,0.5
0.258,0.5
0.258,0.6
0.258,0.5
0.259,0.5
0.259,0.6
0.259,0.5
0.259,0.5
0.259,0.5
0.259,0.6
0.259,0.5
0.259,0.5
0.259,0.6
0.26,0.6
0.26,0.5
0.26,0.5
0.26,0.6
0.26,0.5
0.26,0.6
0.26,0.5
0.261,0.5
0.261,0.5
0.261,0.6
0.261,0.6
0.261,0.6
0.262,0.5
0.262,0.5
0.262,0.5
0.262,0.5
0.262,0.5
0.262,0.5
0.263,0.5
0.263,0.6
0.263,0.6
0.263,0.5
0.263,0.5
0.263,0.6
0.264,0.6
0.264,0.6
0.264,0.6
0.264,0.6
0.264,0.6
0.265,0.5
0.265,0.6
0.265,0.5
0.265,0.6
0.265,0.6
0.265,0.5
0.266,0.6
0.266,0.5
0.266,0.5
0.266,0.6
0.266,0.6
0.266,0.5
0.266,0.6
0.266,0.5
0.267,0.5
0.267,0.5
0.267,0.6
0.267,0.6
0.267,0.6
0.267,0.5
0.267,0.6
0.268,0.5
0.268,0.6
0.268,0.6
0.268,0.5
0.268,0.6
0.268,0.6
0.268,0.5
0.269,0.6
0.269,0.5
0.269,0.6
0.269,0.5
0.269,0.6
0.269,0.6
0.269,0.5
0.269,0.6
0.27,0.5
0.27,0.6
0.27,0.6
0.27,0.6
0.27,0.5
0.27,0.6
0.27,0.5
0.271,0.6
0.271,0.6
0.271,0.6
0.271,0.5
0.271,0.5
0.271,0.6
0.271,0.6
0.271,0.6
0.271,0.6
0.271,0.5
0.272,0.6
0.272,0.6
0.272,0.6
0.272,0.6
0.272,0.6
0.272,0.6
0.272,0.6
0.272,0.6
0.272,0.6
0.273,0.5
0.273,0.6
0.273,0.6
0.273,0.6
0.273,0.5
0.273,0.6
0.273,0.6
0.274,0.6
0.274,0.6
0.274,0.6
0.274,0.6
0.274,0.6
0.274,0.6
0.274,0.6
0.274,0.6
0.275,0.6
0.275,0.6
0.275,0.6
0.275,0.6
0.275,0.6
0.275,0.5
0.275,0.6
0.275,0.6
0.276,0.5
0.276,0.6
0.276,0.6
0.276,0.6
0.276,0.5
0.276,0.6
0.276,0.6
0.276,0.6
0.277,0.6
0.277,0.6
0.277,0.6
0.277,0.6
0.277,0.6
0.277,0.6
0.277,0.6
0.278,0.6
0.278,0.6
0.278,0.6
0.278,0.6
0.278,0.6
0.278,0.6
0.278,0.5
0.278,0.6
0.278,0.6
0.279,0.6
0.279,0.6
0.279,0.6
0.279,0.5
0.279,0.6
0.279,0.6
0.279,0.6
0.279,0.6
0.279,0.6
0.279,0.6
0.28,0.6
0.28,0.6
0.28,0.6
0.28,0.6
0.28,0.6
0.28,0.6
0.28,0.6
0.28,0.6
0.28,0.6
0.28,0.6
0.28,0.6
0.28,0.6
0.28,0.6
0.28,0.6
0.28,0.6
0.281,0.6
0.281,0.6
0.281,0.6
0.281,0.6
0.281,0.6
0.281,0.6
0.281,0.6
0.281,0.6
0.281,0.6
0.281,0.6
0.281,0.6
0.282,0.6
0.282,0.6
0.282,0.6
0.282,0.6
0.282,0.6
0.282,0.6
0.282,0.6
0.282,0.6
0.283,0.6
0.283,0.6
0.283,0.6
0.283,0.6
0.283,0.6
0.283,0.6
0.283,0.6
0.283,0.6
0.284,0.6
0.284,0.6
0.284,0.6
0.284,0.6
0.284,0.6
0.284,0.5
0.284,0.6
0.284,0.6
0.285,0.6
0.285,0.6
0.285,0.6
0.285,0.6
0.285,0.6
0.285,0.6
0.285,0.6
0.285,0.6
0.286,0.6
0.286,0.6
0.286,0.6
0.286,0.6
0.286,0.6
0.286,0.6
0.286,0.6
0.286,0.6
0.286,0.6
0.286,0.6
0.287,0.6
0.287,0.6
0.287,0.6
0.287,0.6
0.287,0.6
0.287,0.6
0.288,0.6
0.288,0.6
0.288,0.6
0.288,0.6
0.288,0.6
0.288,0.6
0.288,0.6
0.289,0.6
0.289,0.6
0.289,0.6
0.289,0.6
0.289,0.6
0.289,0.6
0.289,0.6
0.289,0.6
0.29,0.6
0.29,0.6
0.29,0.6
0.29,0.6
0.29,0.6
0.29,0.6
0.29,0.6
0.29,0.6
0.291,0.6
0.291,0.6
0.291,0.6
0.291,0.6
0.291,0.6
0.291,0.6
0.291,0.6
0.292,0.6
0.292,0.6
0.292,0.6
0.292,0.6
0.292,0.6
0.292,0.6
0.293,0.6
0.293,0.6
0.293,0.6
0.293,0.6
0.293,0.6
0.294,0.6
0.294,0.6
0.294,0.6
0.294,0.6
0.294,0.6
0.294,0.6
0.294,0.6
0.294,0.6
0.295,0.6
0.295,0.6
0.295,0.6
0.295,0.6
0.295,0.6
0.295,0.6
0.295,0.6
0.296,0.6
0.296,0.6
0.296,0.6
0.296,0.6
0.296,0.6
0.296,0.6
0.296,0.6
0.297,0.6
0.297,0.6
0.297,0.6
0.297,0.6
0.297,0.6
0.298,0.6
0.298,0.6
0.298,0.6
0.298,0.6
0.298,0.6
0.298,0.6
0.298,0.6
0.299,0.6
0.299,0.6
0.299,0.6
0.299,0.6
0.299,0.6
0.299,0.6
0.299,0.6
0.299,0.6
0.3,0.6
0.3,0.6
0.3,0.6
0.3,0.6
0.3,0.6
0.3,0.6
0.3,0.6
0.3,0.6
0.301,0.6
0.301,0.6
0.301,0.6
0.301,0.6
0.301,0.6
0.301,0.6
0.301,0.6
0.301,0.6
0.302,0.6
0.302,0.6
0.302,0.6
0.302,0.6
0.302,0.6
0.302,0.6
0.303,0.6
0.303,0.6
0.303,0.6
0.303,0.6
0.303,0.6
0.303,0.6
0.304,0.6
0.304,0.6
0.304,0.6
0.304,0.6
0.304,0.6
0.304,0.6
0.304,0.6
0.305,0.6
0.305,0.6
0.305,0.6
0.305,0.6
0.305,0.6
0.305,0.6
0.306,0.6
0.306,0.6
0.306,0.6
0.306,0.6
0.306,0.6
0.306,0.6
0.306,0.6
0.307,0.6
0.307,0.6
0.307,0.6
0.307,0.6
0.307,0.6
0.307,0.6
0.307,0.6
0.308,0.6
0.308,0.6
0.308,0.6
0.308,0.6
0.308,0.6
0.308,0.6
0.308,0.6
0.308,0.6
0.309,0.6
0.309,0.6
0.309,0.6
0.309,0.6
0.309,0.6
0.309,0.6
0.309,0.6
0.31,0.6
0.31,0.6
0.31,0.6
0.31,0.6
0.31,0.6
0.31,0.6
0.31,0.6
0.31,0.6
0.311,0.6
0.311,0.6
0.311,0.6
0.311,0.6
0.311,0.6
0.311,0.6
0.311,0.6
0.311,0.6
0.311,0.6
0.311,0.6
0.311,0.6
0.311,0.6
0.312,0.6
0.312,0.6
0.312,0.6
0.312,0.6
0.312,0.6
0.312,0.6
0.312,0.6
0.312,0.6
0.312,0.6
0.312,0.6
0.313,0.6
0.313,0.6
0.313,0.6
0.313,0.6
0.313,0.6
0.313,0.6
0.313,0.6
0.314,0.6
0.314,0.6
0.314,0.6
0.314,0.6
0.314,0.6
0.314,0.6
0.314,0.6
0.314,0.6
0.314,0.6
0.315,0.6
0.315,0.6
0.315,0.6
0.315,0.6
0.315,0.6
0.315,0.6
0.315,0.6
0.315,0.6
0.315,0.6
0.315,0.6
0.315,0.6
0.315,0.6
0.316,0.6
0.316,0.6
0.316,0.6
0.316,0.6
0.316,0.6
0.316,0.6
0.316,0.6
0.316,0.6
0.316,0.6
0.316,0.6
0.316,0.6
0.316,0.6
0.316,0.6
0.316,0.6
0.316,0.6
0.317,0.6
0.317,0.6
0.317,0.6
0.317,0.6
0.317,0.6
0.317,0.6
0.317,0.6
0.317,0.6
0.317,0.6
0.317,0.6
0.317,0.6
0.317,0.6
0.317,0.7
0.318,0.6
0.318,0.6
0.318,0.6
0.318,0.6
0.318,0.6
0.318,0.6
0.318,0.6
0.318,0.6
0.318,0.6
0.318,0.6
0.318,0.6
0.319,0.6
0.319,0.6
0.319,0.6
0.319,0.6
0.319,0.6
0.319,0.6
0.319,0.6
0.319,0.6
0.319,0.6
0.319,0.7
0.319,0.6
0.32,0.6
0.32,0.6
0.32,0.6
0.32,0.6
0.32,0.6
0.32,0.6
0.32,0.6
0.32,0.7
0.32,0.6
0.32,0.6
0.32,0.6
0.32,0.6
0.321,0.6
0.321,0.6
0.321,0.6
0.321,0.6
0.321,0.6
0.321,0.7
0.321,0.7
0.321,0.6
0.322,0.6
0.322,0.6
0.322,0.6
0.322,0.7
0.322,0.6
0.322,0.6
0.322,0.7
0.322,0.7
0.322,0.6
0.322,0.6
0.322,0.6
0.323,0.7
0.323,0.6
0.323,0.7
0.323,0.6
0.323,0.7
0.323,0.7
0.323,0.6
0.323,0.6
0.323,0.6
0.323,0.7
0.323,0.6
0.323,0.7
0.323,0.7
0.324,0.7
0.324,0.6
0.324,0.6
0.324,0.6
0.324,0.7
0.324,0.6
0.324,0.6
0.324,0.7
0.324,0.7
0.324,0.7
0.324,0.7
0.324,0.6
0.324,0.7
0.324,0.6
0.325,0.6
0.325,0.7
0.325,0.7
0.325,0.7
0.325,0.7
0.325,0.7
0.325,0.6
0.325,0.6
0.325,0.7
0.325,0.7
0.325,0.6
0.326,0.7
0.326,0.7
0.326,0.6
0.326,0.6
0.326,0.6
0.326,0.6
0.326,0.6
0.326,0.7
0.326,0.6
0.326,0.7
0.326,0.7
0.326,0.7
0.326,0.7
0.326,0.7
0.327,0.7
0.327,0.7
0.327,0.7
0.327,0.7
0.327,0.7
0.327,0.7
0.327,0.7
0.327,0.7
0.327,0.7
0.327,0.7
0.327,0.7
0.328,0.7
0.328,0.7
0.328,0.7
0.328,0.7
0.328,0.7
0.328,0.7
0.328,0.7
0.328,0.7
0.328,0.7
0.328,0.7
0.328,0.7
0.328,0.7
0.328,0.7
0.328,0.7
0.329,0.7
0.329,0.7
0.329,0.7
0.329,0.7
0.329,0.7
0.329,0.7
0.329,0.7
0.329,0.7
0.329,0.7
0.329,0.7
0.329,0.7
0.329,0.7
0.329,0.7
0.329,0.7
0.33,0.7
0.33,0.7
0.33,0.7
0.33,0.7
0.33,0.7
0.33,0.7
0.33,0.7
0.33,0.7
0.33,0.7
0.331,0.7
0.331,0.7
0.331,0.7
0.331,0.7
0.331,0.7
0.331,0.7
0.331,0.7
0.331,0.7
0.331,0.7
0.331,0.7
0.332,0.7
0.332,0.7
0.332,0.7
0.332,0.7
0.332,0.7
0.332,0.7
0.332,0.7
0.332,0.7
0.332,0.7
0.332,0.7
0.332,0.7
0.332,0.7
0.332,0.7
0.333,0.7
0.333,0.7
0.333,0.7
0.333,0.7
0.333,0.7
0.333,0.7
0.333,0.7
0.333,0.7
0.333,0.7
0.333,0.7
0.333,0.7
0.333,0.7
0.334,0.7
0.334,0.7
0.334,0.7
0.334,0.7
0.334,0.7
0.334,0.7
0.334,0.7
0.334,0.7
0.334,0.7
0.334,0.7
0.335,0.7
0.335,0.7
0.335,0.7
0.335,0.7
0.335,0.7
0.335,0.7
0.335,0.7
0.335,0.7
0.335,0.7
0.335,0.7
0.335,0.7
0.335,0.7
0.336,0.7
0.336,0.7
0.336,0.7
0.336,0.7
0.336,0.7
0.336,0.7
0.336,0.7
0.336,0.7
0.336,0.7
0.336,0.7
0.336,0.7
0.336,0.7
0.336,0.7
0.336,0.7
0.337,0.7
0.337,0.7
0.337,0.7
0.337,0.7
0.337,0.7
0.337,0.7
0.337,0.7
0.337,0.7
0.337,0.7
0.337,0.7
0.338,0.7
0.338,0.7
0.338,0.7
0.338,0.7
0.338,0.7
0.338,0.7
0.338,0.7
0.338,0.7
0.338,0.7
0.338,0.7
0.338,0.7
0.338,0.7
0.338,0.7
0.338,0.7
0.339,0.7
0.339,0.7
0.339,0.7
0.339,0.7
0.339,0.7
0.339,0.7
0.339,0.7
0.339,0.7
0.339,0.7
0.339,0.7
0.339,0.7
0.339,0.8
0.34,0.7
0.34,0.7
0.34,0.7
0.34,0.7
0.34,0.7
0.34,0.7
0.34,0.8
0.34,0.7
0.34,0.8
0.34,0.7
0.34,0.8
0.34,0.8
0.34,0.7
0.341,0.8
0.341,0.7
0.341,0.7
0.341,0.7
0.341,0.7
0.341,0.7
0.341,0.7
0.341,0.7
0.341,0.7
0.341,0.7
0.342,0.7
0.342,0.7
0.342,0.8
0.342,0.8
0.342,0.7
0.342,0.8
0.342,0.8
0.342,0.7
0.343,0.7
0.343,0.7
0.343,0.7
0.343,0.8
0.343,0.7
0.343,0.7
0.343,0.8
0.343,0.8
0.344,0.8
0.344,0.8
0.344,0.8
0.344,0.8
0.344,0.8
0.344,0.8
0.344,0.8
0.345,0.8
0.345,0.8
0.345,0.8
0.345,0.8
0.345,0.8
0.345,0.8
0.345,0.8
0.345,0.8
0.346,0.8
0.346,0.8
0.346,0.8
0.346,0.8
0.346,0.8
0.346,0.8
0.346,0.8
0.346,0.8
0.346,0.8
0.346,0.8
0.347,0.8
0.347,0.8
0.347,0.8
0.347,0.8
0.347,0.8
0.347,0.8
0.347,0.8
0.347,0.8
0.347,0.8
0.347,0.8
0.347,0.8
0.347,0.8
0.347,0.8
0.348,0.8
0.348,0.8
0.348,0.8
0.348,0.8
0.348,0.8
0.348,0.8
0.348,0.8
0.348,0.8
0.348,0.8
0.348,0.8
0.348,0.8
0.348,0.8
0.348,0.8
0.348,0.8
0.349,0.8
0.349,0.8
0.349,0.8
0.349,0.8
0.349,0.8
0.349,0.8
0.349,0.8
0.349,0.8
0.349,0.8
0.349,0.8
0.35,0.8
0.35,0.8
0.35,0.8
0.35,0.8
0.35,0.8
0.35,0.8
0.35,0.8
0.35,0.8
0.35,0.8
0.351,0.8
0.351,0.8
0.351,0.8
0.351,0.8
0.351,0.8
0.351,0.8
0.351,0.8
0.351,0.8
0.351,0.8
0.352,0.8
0.352,0.8
0.352,0.8
0.352,0.8
0.352,0.8
0.352,0.8
0.352,0.8
0.352,0.8
0.352,0.8
0.352,0.8
0.352,0.8
0.353,0.8
0.353,0.8
0.353,0.8
0.353,0.8
0.353,0.8
0.353,0.8
0.353,0.8
0.353,0.8
0.353,0.8
0.353,0.8
0.353,0.8
0.354,0.8
0.354,0.8
0.354,0.8
0.354,0.8
0.354,0.8
0.354,0.8
0.354,0.8
0.354,0.8
0.354,0.8
0.354,0.9
0.354,0.8
0.355,0.8
0.355,0.9
0.355,0.8
0.355,0.8
0.355,0.8
0.355,0.8
0.355,0.8
0.355,0.8
0.355,0.8
0.355,0.8
0.355,0.9
0.355,0.8
0.355,0.8
0.356,0.8
0.356,0.9
0.356,0.9
0.356,0.8
0.356,0.9
0.356,0.8
0.356,0.8
0.356,0.9
0.356,0.9
0.356,0.9
0.356,0.8
0.357,0.8
0.357,0.8
0.357,0.9
0.357,0.8
0.357,0.8
0.357,0.9
0.357,0.9
0.357,0.9
0.357,0.8
0.357,0.9
0.358,0.9
0.358,0.9
0.358,0.9
0.358,0.9
0.358,0.9
0.358,0.9
0.358,0.9
0.358,0.9
0.358,0.9
0.358,0.9
0.359,0.9
0.359,0.9
0.359,0.9
0.359,0.9
0.359,0.9
0.359,0.9
0.359,0.9
0.359,0.9
0.359,0.9
0.359,0.9
0.359,0.9
0.359,0.9
0.36,0.9
0.36,0.9
0.36,0.9
0.36,0.9
0.36,0.9
0.36,0.9
0.36,0.9
0.36,0.9
0.361,0.9
0.361,0.9
0.361,0.9
0.361,0.9
0.361,0.9
0.361,0.9
0.361,0.9
0.362,0.9
0.362,0.9
0.362,0.9
0.362,0.9
0.362,0.9
0.362,0.9
0.362,0.9
0.362,0.9
0.363,0.9
0.363,0.9
0.363,0.9
0.363,0.9
0.363,0.9
0.363,0.9
0.363,0.9
0.363,0.9
0.363,0.9
0.364,0.9
0.364,0.9
0.364,0.9
0.364,0.9
0.364,0.9
0.364,0.9
0.364,0.9
0.364,0.9
0.365,0.9
0.365,1
0.365,0.9
0.365,1
0.365,0.9
0.366,0.9
0.366,1
0.366,0.9
0.366,1
0.366,1
0.366,0.9
0.367,0.9
0.367,0.9
0.367,1
0.367,0.9
0.367,1
0.367,1
0.368,0.9
0.368,1
0.368,1
0.368,1
0.368,1
0.368,1
0.368,1
0.369,1
0.369,1
0.369,1
0.369,1
0.369,1
0.369,1
0.369,1
0.37,1
0.37,1
0.37,1
0.37,1
0.37,1
0.37,1
0.37,1
0.37,1
0.371,1
0.371,1
0.371,1
0.371,1
0.371,1
0.371,1
0.371,1
0.372,1
0.372,1
0.372,1
0.372,1
0.372,1
0.373,1
0.373,1
0.373,1
0.373,1
0.373,1
0.374,1
0.374,1
0.374,1
0.374,1
0.374,1.1
0.374,1.1
0.375,1.1
0.375,1.1
0.375,1.1
0.375,1.1
0.375,1.1
0.375,1.1
0.375,1.1
0.376,1.1
0.376,1.1
0.376,1.1
0.376,1.1
0.376,1.1
0.376,1.1
0.376,1.1
0.377,1.1
0.377,1.1
0.377,1.1
0.377,1.2
0.377,1.2
0.377,1.2
0.378,1.2
0.378,1.2
0.378,1.2
0.378,1.2
0.378,1.2
0.379,1.2
0.379,1.2
0.379,1.2
0.379,1.3
0.379,1.3
0.38,1.3
0.38,1.3
0.38,1.3
0.38,1.3
0.38,1.3
0.38,1.3
0.381,1.3
0.381,1.3
0.381,1.3
0.381,1.3
0.381,1.3
0.381,1.3
0.381,1.3
0.381,1.3
0.382,1.3
0.382,1.4
0.382,1.4
0.382,1.4
0.382,1.4
0.382,1.4
0.383,1.4
0.383,1.4
0.383,1.4
0.383,1.4
0.383,1.4
0.383,1.4
0.384,1.4
0.384,1.4
0.384,1.4
0.384,1.4
0.384,1.4
0.385,1.5
0.385,1.4
0.385,1.4
0.385,1.5
0.385,1.4
0.385,1.5
0.385,1.5
0.386,1.5
0.386,1.5
0.386,1.5
0.386,1.5
0.386,1.5
0.386,1.5
0.386,1.5
0.387,1.5
0.387,1.5
0.387,1.5
0.387,1.5
0.387,1.5
0.387,1.6
0.387,1.6
0.387,1.6
0.387,1.5
0.388,1.6
0.388,1.6
0.388,1.6
0.388,1.6
0.388,1.6
0.388,1.6
0.388,1.6
0.389,1.6
0.389,1.6
0.389,1.6
0.389,1.6
0.389,1.6
0.389,1.6
0.389,1.6
0.389,1.6
0.39,1.6
0.39,1.7
0.39,1.7
0.39,1.7
0.39,1.7
0.391,1.7
0.391,1.7
0.391,1.7
0.391,1.7
0.391,1.7
0.391,1.8
0.392,1.8
0.392,1.8
0.392,1.8
0.392,1.8
0.392,1.8
0.392,1.8
0.392,1.8
0.393,1.8
0.393,1.8
0.393,1.9
0.393,1.9
0.393,1.9
0.393,1.9
0.394,1.9
0.394,2
0.394,2
0.394,2
0.394,2
0.394,2
0.394,2
0.395,2
0.395,2.1
0.395,2.1
0.395,2.1
0.395,2.1
0.395,2.2
0.395,2.2
0.396,2.2
0.396,2.3
0.396,2.3
0.396,2.3
0.396,2.4
0.396,2.4
0.396,2.4
0.397,2.5
0.397,2.5
0.397,2.5
0.397,2.6
0.397,2.6
0.397,2.7
0.397,2.7
0.397,2.7
0.398,2.8
0.398,2.8
0.398,2.9
0.398,2.9
0.398,3
0.398,3.1
0.398,3.1
0.399,3.1
0.399,3.2
0.399,3.3
0.399,3.3
0.399,3.4
0.399,3.4
0.399,3.5
0.399,3.5
0.4,3.6
0.4,3.7
0.4,3.7
0.4,3.8
0.4,3.9
0.4,3.9
0.4,4
0.4,4
0.401,4.1
0.401,4.1
0.401,4.1
0.401,4.2
0.401,4.2
0.401,4.3
0.401,4.3
0.401,4.4
0.401,4.5
0.402,4.5
0.402,4.6
0.402,4.7
0.402,4.7
0.402,4.7
0.402,4.8
0.403,4.9
0.403,4.9
0.403,5
0.403,5.1
0.403,5.1
0.403,5.2
0.404,5.2
0.404,5.3
0.404,5.4
0.404,5.4
0.404,5.5
0.404,5.6
0.405,5.7
0.405,5.7
0.405,5.8
0.405,5.9
0.405,6
0.405,6.1
0.405,6.1
0.405,6.3
0.406,6.3
0.406,6.4
0.406,6.4
0.406,6.5
0.406,6.6
0.406,6.7
0.406,6.8
0.406,6.8
0.407,6.9
0.407,7
0.407,7.1
0.407,7.3
0.407,7.4
0.408,7.5
0.408,7.7
0.408,7.8
0.408,8
0.408,8.1
0.408,8.3
0.409,8.4
0.409,8.5
0.409,8.6
0.409,8.8
0.409,8.8
0.409,9
0.409,9.1
0.41,9.2
0.41,9.4
0.41,9.5
0.41,9.6
0.41,9.8
0.41,9.9
0.41,10
0.411,10.1
0.411,10.2
0.411,10.4
0.411,10.5
0.411,10.6
0.411,10.7
0.411,10.9
0.411,11
0.411,11.1
0.411,11.2
0.412,11.3
0.412,11.4
0.412,11.5
0.412,11.6
0.412,11.7
0.412,11.9
0.412,12
0.412,12.2
0.413,12.3
0.413,12.5
0.413,12.7
0.413,12.9
0.413,13.1
0.413,13.3
0.413,13.5
0.413,13.7
0.414,14
0.414,14.2
0.414,14.5
0.414,14.7
0.414,15
0.414,15.4
0.414,15.8
0.415,16.2
0.415,16.6
0.415,17.2
0.415,17.8
0.415,18.5
0.415,19.4
0.415,20.3
0.416,21.3
0.416,22.4
0.416,23.5
0.416,24.8
0.416,26.4
0.416,28.3
0.416,30.4
0.416,32.5
0.417,34.7
0.417,37.2
0.417,40.1
0.417,43.8
0.417,47
0.417,50.8
0.418,54.7
0.418,59.5
0.418,64.4
0.418,69
0.418,73.4
0.418,78.4
0.419,84
0.419,90.3
0.419,96.5
0.419,99.6
0.419,99.7
0.419,99.6
0.419,99.6
0.42,99.6
0.42,99.6
0.42,99.6
0.42,99.6
0.42,99.6
0.421,99.6
0.421,99.6
0.421,99.6
0.421,99.6
0.421,99.6
0.422,99.6
0.422,99.6
0.422,99.6
0.422,99.6
0.422,99.6
0.422,99.6
0.423,99.5
0.423,99.5
0.423,99.5
0.423,99.5
0.423,99.5
0.423,99.5
0.423,99.4
0.423,99.4
0.424,99.4
0.424,99.4
0.424,99.4
0.424,99.3
0.424,99.3
0.424,99.3
0.424,99.2
0.425,99.2
0.425,99.1
0.425,99.1
0.425,99
0.425,99
0.425,99
0.425,98.9
0.426,98.9
0.426,98.8
0.426,98.8
0.426,98.7
0.426,98.7
0.426,98.7
0.426,98.7
0.427,98.6
0.427,98.6
0.427,98.6
0.427,98.6
0.427,98.6
0.427,98.6
0.427,98.6
0.428,98.6
0.428,98.7
0.428,98.7
0.428,98.7
0.428,98.7
0.428,98.8
0.428,98.8
0.428,98.8
0.428,98.8
0.428,98.9
0.429,98.9
0.429,98.9
0.429,99
0.429,99
0.429,99
0.429,99.1
0.429,99.1
0.429,99.1
0.43,99.2
0.43,99.2
0.43,99.2
0.43,99.3
0.43,99.3
0.43,99.3
0.43,99.4
0.431,99.4
0.431,99.4
0.431,99.4
0.431,99.5
0.431,99.5
0.431,99.5
0.431,99.5
0.431,99.5
0.431,99.6
0.432,99.6
0.432,99.6
0.432,99.6
0.432,99.6
0.432,99.6
0.432,99.6
0.432,99.6
0.432,99.6
0.432,99.6
0.432,99.6
0.433,99.6
0.433,99.6
0.433,99.6
0.433,99.7
0.433,99.6
0.433,99.6
0.433,99.6
0.433,99.6
0.433,99.6
0.434,94.4
0.434,87.8
0.434,81.8
0.434,77.6
0.434,74
0.434,71.4
0.434,69.3
0.435,67.7
0.435,66.3
0.435,65.1
0.435,64
0.435,62.8
0.435,61.6
0.435,60.3
0.436,59.1
0.436,58.1
0.436,57.3
0.436,56.5
0.436,55.7
0.436,55.1
0.436,54.5
0.436,54
0.436,53.4
0.437,52.9
0.437,52.3
0.437,51.6
0.437,51
0.437,50.4
0.437,49.9
0.437,49.3
0.437,48.8
0.438,48.2
0.438,47.7
0.438,47.1
0.438,46.6
0.438,46.1
0.438,45.5
0.438,45.1
0.438,44.7
0.438,44.2
0.439,43.7
0.439,43.3
0.439,42.8
0.439,42.3
0.439,41.9
0.439,41.4
0.439,40.9
0.439,40.5
0.44,40
0.44,39.5
0.44,38.9
0.44,38.4
0.44,37.9
0.44,37.4
0.44,36.9
0.441,36.4
0.441,35.9
0.441,35.4
0.441,34.9
0.441,34.4
0.441,33.9
0.441,33.5
0.441,33
0.442,32.6
0.442,32.2
0.442,31.7
0.442,31.2
0.442,30.8
0.442,30.3
0.442,29.9
0.443,29.4
0.443,29
0.443,28.7
0.443,28.3
0.443,28.1
0.443,27.8
0.443,27.5
0.443,27.1
0.443,26.7
0.444,26.4
0.444,26.2
0.444,25.9
0.444,25.6
0.444,25.3
0.444,25.1
0.444,24.8
0.444,24.6
0.444,24.3
0.445,24
0.445,23.7
0.445,23.4
0.445,23.1
0.445,22.8
0.445,22.5
0.445,22.3
0.445,22.1
0.445,21.8
0.445,21.5
0.446,21.2
0.446,20.9
0.446,20.5
0.446,20.2
0.446,19.8
0.446,19.5
0.447,19.1
0.447,18.8
0.447,18.4
0.447,18
0.447,17.6
0.447,17.3
0.448,16.9
0.448,16.6
0.448,16.4
0.448,16.1
0.448,15.8
0.448,15.6
0.448,15.4
0.449,15.2
0.449,15
0.449,14.8
0.449,14.6
0.449,14.5
0.449,14.3
0.449,14.1
0.45,14
0.45,13.9
0.45,13.7
0.45,13.6
0.45,13.5
0.451,13.3
0.451,13.2
0.451,13.1
0.451,12.9
0.451,12.8
0.451,12.7
0.452,12.6
0.452,12.5
0.452,12.5
0.452,12.4
0.452,12.3
0.452,12.2
0.453,12.2
0.453,12.1
0.453,12
0.453,12
0.453,11.9
0.453,11.9
0.454,11.8
0.454,11.7
0.454,11.7
0.454,11.7
0.454,11.6
0.454,11.6
0.454,11.5
0.455,11.5
0.455,11.5
0.455,11.4
0.455,11.4
0.455,11.4
0.455,11.3
0.455,11.3
0.455,11.3
0.455,11.3
0.456,11.3
0.456,11.2
0.456,11.2
0.456,11.2
0.456,11.2
0.456,11.2
0.456,11.2
0.457,11.1
0.457,11.1
0.457,11.1
0.457,11.1
0.457,11
0.457,11
0.457,11
0.457,11
0.457,10.9
0.458,10.9
0.458,10.9
0.458,10.9
0.458,10.8
0.458,10.7
0.459,10.7
0.459,10.6
0.459,10.5
0.459,10.4
0.46,10.3
0.46,10.2
0.46,10.1
0.46,10
0.46,9.9
0.461,9.8
0.461,9.6
0.461,9.5
0.461,9.4
0.461,9.3
0.461,9.1
0.462,9
0.462,8.9
0.462,8.8
0.462,8.6
0.462,8.5
0.462,8.4
0.462,8.2
0.463,8.1
0.463,7.9
0.463,7.8
0.463,7.6
0.463,7.4
0.463,7.3
0.464,7.1
0.464,6.9
0.464,6.7
0.464,6.5
0.464,6.3
0.464,6.1
0.465,6
0.465,5.8
0.465,5.7
0.465,5.5
0.465,5.3
0.465,5.1
0.466,5
0.466,4.8
0.466,4.6
0.466,4.4
0.466,4.2
0.466,4.1
0.467,4
0.467,3.8
0.467,3.7
0.467,3.6
0.467,3.5
0.467,3.3
0.468,3.2
0.468,3.1
0.468,3
0.468,2.9
0.468,2.9
0.468,2.8
0.468,2.7
0.469,2.6
0.469,2.6
0.469,2.5
0.469,2.4
0.469,2.4
0.469,2.3
0.469,2.3
0.47,2.2
0.47,2.2
0.47,2.1
0.47,2.1
0.47,2
0.47,2
0.47,2
0.471,1.9
0.471,1.9
0.471,1.9
0.471,1.8
0.471,1.8
0.472,1.8
0.472,1.7
0.472,1.7
0.472,1.6
0.472,1.6
0.472,1.6
0.472,1.6
0.472,1.6
0.473,1.6
0.473,1.6
0.473,1.6
0.473,1.5
0.473,1.5
0.473,1.5
0.473,1.5
0.473,1.5
0.473,1.5
0.473,1.5
0.474,1.5
0.474,1.4
0.474,1.4
0.474,1.4
0.474,1.4
0.474,1.4
0.474,1.4
0.474,1.4
0.475,1.4
0.475,1.4
0.475,1.4
0.475,1.4
0.475,1.4
0.475,1.4
0.475,1.4
0.475,1.4
0.475,1.3
0.475,1.3
0.475,1.3
0.476,1.3
0.476,1.3
0.476,1.3
0.476,1.3
0.476,1.3
0.476,1.3
0.476,1.3
0.476,1.3
0.476,1.3
0.476,1.3
0.476,1.3
0.477,1.3
0.477,1.3
0.477,1.3
0.477,1.3
0.477,1.3
0.477,1.3
0.477,1.3
0.477,1.3
0.477,1.3
0.477,1.3
0.477,1.3
0.477,1.3
0.478,1.3
0.478,1.3
0.478,1.3
0.478,1.2
0.478,1.3
0.478,1.3
0.479,1.3
0.479,1.2
0.479,1.3
0.479,1.2
0.479,1.2
0.479,1.2
0.479,1.2
0.479,1.2
0.48,1.2
0.48,1.2
0.48,1.2
0.48,1.2
0.48,1.2
0.48,1.2
0.48,1.2
0.481,1.2
0.481,1.2
0.481,1.2
0.481,1.2
0.481,1.2
0.481,1.2
0.481,1.2
0.481,1.2
0.482,1.2
0.482,1.2
0.482,1.2
0.482,1.2
0.482,1.2
0.482,1.2
0.482,1.2
0.482,1.2
0.482,1.2
0.483,1.2
0.483,1.2
0.483,1.2
0.483,1.2
0.483,1.2
0.483,1.2
0.483,1.2
0.484,1.2
0.484,1.2
0.484,1.2
0.484,1.2
0.484,1.2
0.484,1.2
0.484,1.2
0.485,1.2
0.485,1.2
0.485,1.2
0.485,1.2
0.485,1.2
0.485,1.2
0.485,1.2
0.485,1.2
0.486,1.2
0.486,1.2
0.486,1.2
0.486,1.2
0.486,1.2
0.486,1.2
0.486,1.2
0.487,1.2
0.487,1.2
0.487,1.2
0.487,1.2
0.487,1.2
0.487,1.2
0.487,1.2
0.487,1.2
0.488,1.2
0.488,1.2
0.488,1.2
0.488,1.2
0.488,1.2
0.488,1.2
0.488,1.2
0.488,1.2
0.489,1.2
0.489,1.2
0.489,1.2
0.489,1.2
0.489,1.2
0.489,1.2
0.489,1.2
0.489,1.2
0.49,1.3
0.49,1.2
0.49,1.2
0.49,1.3
0.49,1.3
0.49,1.3
0.491,1.3
0.491,1.3
0.491,1.3
0.491,1.3
0.491,1.3
0.491,1.3
0.492,1.3
0.492,1.3
0.492,1.3
0.492,1.3
0.492,1.3
0.492,1.3
0.492,1.3
0.492,1.3
0.493,1.3
0.493,1.4
0.493,1.3
0.493,1.4
0.493,1.3
0.493,1.4
0.494,1.4
0.494,1.4
0.494,1.4
0.494,1.4
0.494,1.4
0.494,1.4
0.494,1.4
0.495,1.4
0.495,1.4
0.495,1.4
0.495,1.4
0.495,1.4
0.495,1.4
0.495,1.4
0.495,1.4
0.495,1.4
0.495,1.4
0.496,1.4
0.496,1.4
0.496,1.4
0.496,1.4
0.496,1.4
0.496,1.4
0.496,1.4
0.496,1.4
0.496,1.4
0.496,1.4
0.497,1.4
0.497,1.4
0.497,1.4
0.497,1.4
0.497,1.4
0.497,1.4
0.497,1.4
0.497,1.4
0.497,1.4
0.498,1.4
0.498,1.4
0.498,1.4
0.498,1.4
0.498,1.4
0.498,1.4
0.498,1.4
0.499,1.4
0.499,1.4
0.499,1.4
0.499,1.4
0.499,1.4
0.499,1.4
0.499,1.4
0.499,1.4
0.5,1.4
0.5,1.4
0.5,1.4
0.5,1.4
0.5,1.4
0.5,1.4
0.5,1.4
0.501,1.4
0.501,1.4
0.501,1.4
0.501,1.4
0.501,1.4
0.501,1.4
0.502,1.4
0.502,1.4
0.502,1.3
0.502,1.4
0.502,1.3
0.502,1.4
0.502,1.3
0.503,1.3
0.503,1.3
0.503,1.3
0.503,1.3
0.503,1.3
0.503,1.3
0.503,1.3
0.503,1.3
0.503,1.3
0.504,1.3
0.504,1.3
0.504,1.3
0.504,1.3
0.504,1.3
0.504,1.3
0.504,1.3
0.504,1.3
0.505,1.3
0.505,1.3
0.505,1.3
0.505,1.3
0.505,1.3
0.505,1.2
0.505,1.3
0.505,1.2
0.505,1.2
0.505,1.2
0.505,1.2
0.505,1.2
0.506,1.2
0.506,1.2
0.506,1.2
0.506,1.2
0.506,1.2
0.506,1.2
0.506,1.2
0.506,1.2
0.507,1.2
0.507,1.2
0.507,1.2
0.507,1.2
0.507,1.2
0.507,1.2
0.507,1.2
0.507,1.2
0.507,1.2
0.507,1.2
0.507,1.2
0.508,1.2
0.508,1.2
0.508,1.2
0.508,1.2
0.508,1.2
0.508,1.2
0.508,1.2
0.508,1.1
0.508,1.2
0.508,1.1
0.509,1.1
0.509,1.1
0.509,1.1
0.509,1.1
0.509,1.1
0.509,1.1
0.509,1.1
0.509,1.1
0.509,1.1
0.509,1.1
0.51,1.1
0.51,1.1
0.51,1.1
0.51,1.1
0.51,1.1
0.51,1.1
0.51,1.1
0.51,1.1
0.51,1.1
0.51,1.1
0.51,1.1
0.51,1.1
0.511,1.1
0.511,1.1
0.511,1.1
0.511,1.1
0.511,1.1
0.511,1.1
0.511,1.1
0.511,1.1
0.511,1
0.511,1.1
0.511,1
0.512,1.1
0.512,1
0.512,1
0.512,1
0.512,1
0.512,1.1
0.512,1
0.512,1
0.512,1
0.512,1
0.513,1
0.513,1
0.513,1
0.513,1
0.513,1
0.513,1
0.513,1
0.513,1
0.513,1
0.514,1
0.514,1
0.514,1
0.514,1
0.514,1
0.514,1
0.514,1
0.514,1
0.514,1
0.515,1
0.515,1
0.515,1
0.515,1
0.515,1
0.515,1
0.515,1
0.516,1
0.516,1
0.516,1
0.516,1
0.516,1
0.517,1
0.517,1
0.517,1
0.517,1
0.517,1
0.518,1
0.518,1
0.518,1
0.518,1
0.518,1
0.519,1
0.519,1
0.519,1
0.519,1
0.519,0.9
0.519,1
0.52,1
0.52,1
0.52,1
0.52,1
0.52,1
0.52,1
0.521,0.9
0.521,1
0.521,0.9
0.521,1
0.521,0.9
0.521,1
0.521,0.9
0.521,0.9
0.521,0.9
0.522,0.9
0.522,0.9
0.522,1
0.522,1
0.522,0.9
0.522,0.9
0.522,0.9
0.522,0.9
0.522,0.9
0.523,0.9
0.523,0.9
0.523,0.9
0.523,0.9
0.523,0.9
0.523,0.9
0.523,0.9
0.523,0.9
0.523,0.9
0.523,0.9
0.524,0.9
0.524,0.9
0.524,0.9
0.524,0.9
0.524,0.9
0.524,0.9
0.524,0.9
0.524,0.9
0.525,0.9
0.525,0.9
0.525,0.9
0.525,0.9
0.525,0.8
0.525,0.8
0.525,0.8
0.525,0.8
0.526,0.8
0.526,0.8
0.526,0.8
0.526,0.8
0.526,0.8
0.526,0.8
0.526,0.8
0.527,0.8
0.527,0.8
0.527,0.8
0.527,0.8
0.527,0.8
0.527,0.8
0.527,0.8
0.527,0.8
0.528,0.8
0.528,0.8
0.528,0.8
0.528,0.8
0.528,0.8
0.528,0.8
0.528,0.8
0.528,0.8
0.528,0.8
0.528,0.8
0.528,0.8
0.528,0.8
0.529,0.8
0.529,0.7
0.529,0.8
0.529,0.7
0.529,0.8
0.529,0.7
0.529,0.7
0.529,0.7
0.529,0.7
0.529,0.7
0.53,0.7
0.53,0.7
0.53,0.7
0.53,0.7
0.53,0.7
0.53,0.7
0.53,0.7
0.531,0.7
0.531,0.7
0.531,0.7
0.531,0.7
0.531,0.7
0.531,0.7
0.532,0.7
0.532,0.7
0.532,0.7
0.532,0.7
0.532,0.7
0.532,0.7
0.533,0.6
0.533,0.7
0.533,0.6
0.533,0.6
0.533,0.6
0.533,0.7
0.533,0.6
0.533,0.7
0.533,0.6
0.533,0.6
0.533,0.6
0.533,0.6
0.534,0.6
0.534,0.6
0.534,0.6
0.534,0.6
0.534,0.6
0.534,0.6
0.534,0.6
0.534,0.6
0.534,0.6
0.535,0.6
0.535,0.6
0.535,0.6
0.535,0.6
0.535,0.6
0.535,0.6
0.535,0.6
0.536,0.6
0.536,0.6
0.536,0.6
0.536,0.6
0.536,0.6
0.536,0.6
0.536,0.6
0.536,0.6
0.536,0.6
0.536,0.6
0.536,0.6
0.537,0.6
0.537,0.6
0.537,0.6
0.537,0.6
0.537,0.6
0.537,0.6
0.537,0.6
0.537,0.6
0.537,0.6
0.537,0.6
0.537,0.6
0.538,0.6
0.538,0.6
0.538,0.6
0.538,0.6
0.538,0.6
0.538,0.6
0.538,0.6
0.538,0.6
0.538,0.6
0.538,0.6
0.538,0.6
0.539,0.6
0.539,0.6
0.539,0.6
0.539,0.6
0.539,0.6
0.539,0.6
0.539,0.6
0.539,0.6
0.54,0.6
0.54,0.6
0.54,0.6
0.54,0.6
0.54,0.6
0.54,0.6
0.54,0.6
0.54,0.6
0.541,0.6
0.541,0.6
0.541,0.6
0.541,0.6
0.541,0.6
0.541,0.6
0.541,0.6
0.542,0.6
0.542,0.6
0.542,0.6
0.542,0.6
0.542,0.6
0.543,0.6
0.543,0.6
0.543,0.6
0.543,0.6
0.543,0.6
0.543,0.6
0.544,0.6
0.544,0.6
0.544,0.6
0.544,0.6
0.544,0.6
0.545,0.6
0.545,0.6
0.545,0.6
0.545,0.6
0.545,0.6
0.546,0.6
0.546,0.6
0.546,0.6
0.546,0.6
0.547,0.6
0.547,0.6
0.547,0.6
0.547,0.6
0.548,0.6
0.548,0.6
0.548,0.6
0.548,0.6
0.548,0.5
0.548,0.6
0.549,0.5
0.549,0.6
0.549,0.5
0.549,0.6
0.549,0.6
0.55,0.6
0.55,0.6
0.55,0.6
0.55,0.5
0.55,0.6
0.55,0.5
0.55,0.6
0.551,0.6
0.551,0.6
0.551,0.6
0.551,0.5
0.551,0.6
0.551,0.6
0.551,0.6
0.551,0.5
0.552,0.5
0.552,0.6
0.552,0.5
0.552,0.5
0.552,0.5
0.552,0.5
0.553,0.5
0.553,0.6
0.553,0.5
0.553,0.6
0.553,0.6
0.553,0.5
0.553,0.5
0.554,0.5
0.554,0.6
0.554,0.5
0.554,0.6
0.554,0.5
0.555,0.5
0.555,0.6
0.555,0.6
0.555,0.6
0.555,0.6
0.555,0.6
0.555,0.5
0.555,0.6
0.555,0.6
0.556,0.5
0.556,0.5
0.556,0.6
0.556,0.5
0.556,0.6
0.556,0.6
0.556,0.6
0.556,0.5
0.556,0.6
0.556,0.5
0.556,0.6
0.556,0.6
0.556,0.6
0.556,0.6
0.557,0.5
0.557,0.5
0.557,0.6
0.557,0.6
0.557,0.6
0.557,0.6
0.557,0.6
0.558,0.5
0.558,0.6
0.558,0.6
0.558,0.6
0.558,0.6
0.558,0.6
0.558,0.6
0.559,0.6
0.559,0.6
0.559,0.6
0.559,0.6
0.559,0.6
0.559,0.6
0.559,0.6
0.559,0.6
0.559,0.6
0.56,0.6
0.56,0.6
0.56,0.6
0.56,0.6
0.56,0.6
0.56,0.6
0.56,0.6
0.56,0.6
0.561,0.5
0.561,0.6
0.561,0.5
0.561,0.5
0.561,0.6
0.561,0.6
0.561,0.6
0.561,0.6
0.562,0.6
0.562,0.6
0.562,0.5
0.562,0.6
0.562,0.5
0.562,0.5
0.562,0.5
0.563,0.5
0.563,0.6
0.563,0.5
0.563,0.5
0.563,0.5
0.563,0.5
0.563,0.5
0.564,0.5
0.564,0.6
0.564,0.5
0.564,0.5
0.564,0.5
0.565,0.5
0.565,0.5
0.565,0.5
0.565,0.5
0.565,0.5
0.565,0.5
0.565,0.5
0.566,0.5
0.566,0.5
0.566,0.5
0.566,0.5
0.566,0.5
0.566,0.5
0.567,0.5
0.567,0.5
0.567,0.5
0.567,0.5
0.567,0.5
0.567,0.5
0.567,0.5
0.567,0.5
0.568,0.5
0.568,0.5
0.568,0.5
0.568,0.5
0.568,0.5
0.568,0.5
0.569,0.5
0.569,0.5
0.569,0.5
0.569,0.5
0.569,0.5
0.569,0.5
0.569,0.5
0.57,0.5
0.57,0.5
0.57,0.5
0.57,0.5
0.57,0.5
0.57,0.5
0.57,0.5
0.571,0.5
0.571,0.5
0.571,0.5
0.571,0.5
0.571,0.5
0.571,0.5
0.571,0.5
0.571,0.5
0.571,0.5
0.572,0.5
0.572,0.5
0.572,0.5
0.572,0.5
0.572,0.5
0.572,0.5
0.572,0.5
0.572,0.5
0.572,0.5
0.572,0.5
0.573,0.5
0.573,0.5
0.573,0.5
0.573,0.5
0.573,0.5
0.573,0.5
0.573,0.5
0.573,0.5
0.574,0.5
0.574,0.5
0.574,0.5
0.574,0.5
0.574,0.5
0.574,0.5
0.574,0.5
0.574,0.5
0.574,0.5
0.575,0.5
0.575,0.5
0.575,0.5
0.575,0.5
0.575,0.5
0.575,0.5
0.575,0.5
0.575,0.5
0.575,0.5
0.575,0.5
0.575,0.5
0.575,0.5
0.575,0.5
0.575,0.5
0.575,0.5
0.576,0.5
0.576,0.5
0.576,0.5
0.576,0.5
0.576,0.5
0.576,0.5
0.576,0.5
0.576,0.5
0.576,0.5
0.576,0.5
0.577,0.5
0.577,0.5
0.577,0.5
0.577,0.5
0.577,0.5
0.577,0.5
0.577,0.5
0.577,0.5
0.577,0.5
0.578,0.5
0.578,0.5
0.578,0.5
0.578,0.5
0.578,0.5
0.578,0.5
0.578,0.5
0.578,0.5
0.578,0.5
0.578,0.5
0.578,0.5
0.578,0.5
0.579,0.5
0.579,0.5
0.579,0.5
0.579,0.5
0.579,0.5
0.579,0.5
0.579,0.5
0.579,0.5
0.579,0.5
0.579,0.5
0.579,0.5
0.579,0.5
0.579,0.5
0.58,0.5
0.58,0.5
0.58,0.5
0.58,0.5
0.58,0.5
0.58,0.5
0.58,0.5
0.581,0.5
0.581,0.5
0.581,0.5
0.581,0.5
0.581,0.5
0.581,0.5
0.582,0.5
0.582,0.5
0.582,0.5
0.582,0.5
0.582,0.5
0.583,0.5
0.583,0.5
0.583,0.5
0.583,0.5
0.584,0.5
0.584,0.5
0.584,0.5
0.584,0.5
0.584,0.5
0.585,0.5
0.585,0.5
0.585,0.5
0.585,0.5
0.585,0.5
0.585,0.5
0.586,0.5
0.586,0.5
0.586,0.5
0.586,0.5
0.586,0.5
0.586,0.5
0.586,0.5
0.587,0.5
0.587,0.5
0.587,0.5
0.587,0.5
0.587,0.5
0.587,0.5
0.588,0.5
0.588,0.5
0.588,0.5
0.588,0.5
0.588,0.5
0.589,0.5
0.589,0.5
0.589,0.5
0.589,0.5
0.589,0.5
0.59,0.5
0.59,0.5
0.59,0.5
0.59,0.5
0.59,0.5
0.591,0.5
0.591,0.5
0.591,0.5
0.591,0.5
0.591,0.5
0.591,0.5
0.592,0.5
0.592,0.5
0.592,0.5
0.592,0.5
0.592,0.5
0.592,0.5
0.592,0.5
0.593,0.5
0.593,0.5
0.593,0.5
0.593,0.5
0.593,0.5
0.593,0.5
0.593,0.5
0.594,0.5
0.594,0.5
0.594,0.5
0.594,0.5
0.594,0.5
0.594,0.5
0.595,0.5
0.595,0.5
0.595,0.5
0.595,0.5
0.595,0.5
0.595,0.5
0.595,0.5
0.595,0.5
0.596,0.5
0.596,0.5
0.596,0.5
0.596,0.5
0.596,0.5
0.596,0.5
0.596,0.5
0.597,0.5
0.597,0.5
0.597,0.5
0.597,0.5
0.597,0.5
0.597,0.5
0.598,0.5
0.598,0.5
0.598,0.5
0.598,0.5
0.598,0.5
0.599,0.5
0.599,0.5
0.599,0.5
0.599,0.5
0.599,0.5
0.6,0.5
0.6,0.5
0.6,0.5
0.6,0.5
0.601,0.5
0.601,0.5
0.601,0.5
0.601,0.5
0.601,0.5
0.602,0.5
0.602,0.5
0.602,0.5
0.602,0.5
0.602,0.5
0.603,0.5
0.603,0.5
0.603,0.5
0.603,0.5
0.603,0.5
0.603,0.5
0.604,0.5
0.604,0.5
0.604,0.5
0.604,0.5
0.604,0.5
0.604,0.5
0.605,0.5
0.605,0.5
0.605,0.5
0.605,0.5
0.606,0.5
0.606,0.5
0.606,0.5
0.607,0.5
0.607,0.5
0.607,0.5
0.607,0.5
0.608,0.5
0.608,0.5
0.608,0.5
0.608,0.5
0.609,0.5
0.609,0.5
0.609,0.5
0.609,0.5
0.61,0.5
0.61,0.5
0.61,0.5
0.61,0.5
0.611,0.5
0.611,0.5
0.611,0.5
0.612,0.5
0.612,0.5
0.612,0.5
0.612,0.5
0.612,0.5
0.613,0.5
0.613,0.5
0.613,0.5
0.613,0.5
0.613,0.5
0.613,0.5
0.614,0.5
0.614,0.5
0.614,0.5
0.614,0.5
0.615,0.5
0.615,0.5
0.615,0.5
0.615,0.5
0.615,0.5
0.616,0.5
0.616,0.5
0.616,0.5
0.616,0.5
0.616,0.5
0.617,0.5
0.617,0.5
0.617,0.5
0.617,0.5
0.617,0.5
0.617,0.5
0.618,0.5
0.618,0.5
0.618,0.5
0.618,0.5
0.618,0.5
0.619,0.5
0.619,0.5
0.619,0.5
0.619,0.5
0.62,0.5
0.62,0.5
0.62,0.5
0.62,0.5
0.62,0.5
0.621,0.5
0.621,0.5
0.621,0.5
0.621,0.5
0.621,0.6
0.621,0.5
0.622,0.5
0.622,0.5
0.622,0.5
0.622,0.5
0.622,0.6
0.623,0.5
0.623,0.5
0.623,0.5
0.623,0.5
0.623,0.5
0.624,0.5
0.624,0.5
0.624,0.6
0.624,0.5
0.624,0.6
0.624,0.5
0.625,0.5
0.625,0.5
0.625,0.5
0.625,0.6
0.625,0.5
0.625,0.5
0.626,0.5
0.626,0.5
0.626,0.5
0.626,0.5
0.626,0.5
0.626,0.5
0.627,0.5
0.627,0.6
0.627,0.6
0.627,0.5
0.627,0.5
0.628,0.6
0.628,0.5
0.628,0.5
0.628,0.5
0.628,0.5
0.628,0.5
0.629,0.6
0.629,0.5
0.629,0.5
0.629,0.5
0.63,0.5
0.63,0.5
0.63,0.5
0.63,0.5
0.63,0.5
0.631,0.5
0.631,0.5
0.631,0.5
0.631,0.5
0.631,0.5
0.632,0.5
0.632,0.5
0.632,0.5
0.632,0.6
0.632,0.5
0.632,0.5
0.633,0.5
0.633,0.5
0.633,0.5
0.633,0.5
0.633,0.5
0.634,0.5
0.634,0.5
0.634,0.5
0.634,0.5
0.634,0.5
0.634,0.5
0.635,0.5
0.635,0.5
0.635,0.5
0.635,0.5
0.635,0.5
0.636,0.5
0.636,0.5
0.636,0.5
0.636,0.5
0.636,0.6
0.637,0.5
0.637,0.5
0.637,0.5
0.637,0.5
0.637,0.6
0.637,0.5
0.638,0.6
0.638,0.5
0.638,0.5
0.638,0.5
0.638,0.5
0.639,0.5
0.639,0.5
0.639,0.6
0.639,0.5
0.639,0.5
0.639,0.6
0.64,0.6
0.64,0.5
0.64,0.6
0.64,0.6
0.64,0.5
0.641,0.6
0.641,0.5
0.641,0.5
0.641,0.5
0.641,0.5
0.642,0.6
0.642,0.6
0.642,0.5
0.642,0.6
0.642,0.6
0.642,0.5
0.643,0.5
0.643,0.6
0.643,0.6
0.643,0.6
0.643,0.6
0.644,0.5
0.644,0.6
0.644,0.6
0.644,0.6
0.644,0.6
0.644,0.6
0.645,0.6
0.645,0.6
0.645,0.6
0.645,0.6
0.645,0.6
0.645,0.6
0.645,0.6
0.645,0.6
0.645,0.6
0.646,0.6
0.646,0.6
0.646,0.6
0.646,0.6
0.646,0.6
0.646,0.6
0.646,0.6
0.646,0.6
0.646,0.6
0.647,0.6
0.647,0.6
0.647,0.6
0.647,0.6
0.647,0.6
0.647,0.6
0.647,0.6
0.648,0.6
0.648,0.6
0.648,0.6
0.648,0.6
0.648,0.6
0.648,0.6
0.648,0.6
0.648,0.6
0.649,0.6
0.649,0.6
0.649,0.6
0.649,0.6
0.65,0.6
0.65,0.6
0.65,0.6
0.65,0.6
0.651,0.6
0.651,0.6
0.651,0.6
0.651,0.6
0.651,0.7
0.652,0.7
0.652,0.7
0.652,0.7
0.652,0.6
0.652,0.7
0.653,0.7
0.653,0.7
0.653,0.7
0.653,0.7
0.653,0.7
0.653,0.7
0.654,0.7
0.654,0.7
0.654,0.7
0.654,0.7
0.654,0.7
0.654,0.7
0.655,0.7
0.655,0.8
0.655,0.8
0.655,0.8
0.655,0.8
0.656,0.8
0.656,0.8
0.656,0.8
0.656,0.8
0.656,0.8
0.657,0.8
0.657,0.8
0.657,0.8
0.657,0.8
0.657,0.9
0.658,0.9
0.658,0.9
0.658,0.9
0.658,0.9
0.658,0.9
0.659,0.9
0.659,0.9
0.659,0.9
0.66,1
0.66,1
0.66,0.9
0.66,1
0.66,1
0.661,1
0.661,1
0.661,1
0.661,1
0.662,1
0.662,1.1
0.662,1.1
0.662,1.1
0.663,1.1
0.663,1.1
0.663,1.1
0.663,1.2
0.663,1.2
0.664,1.2
0.664,1.2
0.664,1.2
0.664,1.2
0.664,1.2
0.664,1.2
0.665,1.3
0.665,1.2
0.665,1.3
0.665,1.3
0.665,1.3
0.665,1.3
0.666,1.3
0.666,1.3
0.666,1.3
0.666,1.4
0.666,1.3
0.667,1.4
0.667,1.4
0.667,1.4
0.667,1.4
0.667,1.4
0.668,1.4
0.668,1.5
0.668,1.5
0.668,1.5
0.668,1.6
0.669,1.5
0.669,1.6
0.669,1.6
0.669,1.6
0.67,1.6
0.67,1.7
0.67,1.7
0.67,1.7
0.67,1.7
0.67,1.7
0.671,1.7
0.671,1.7
0.671,1.7
0.671,1.7
0.671,1.8
0.671,1.8
0.671,1.8
0.672,1.8
0.672,1.8
0.672,1.8
0.672,1.8
0.672,1.9
0.672,1.9
0.672,1.9
0.672,1.9
0.673,1.9
0.673,1.9
0.673,1.9
0.673,2
0.673,2
0.673,2
0.674,2
0.674,2
0.674,2
0.674,2.1
0.674,2.1
0.674,2.1
0.674,2.1
0.675,2.1
0.675,2.1
0.675,2.1
0.675,2.1
0.675,2.2
0.675,2.2
0.675,2.2
0.676,2.2
0.676,2.2
0.676,2.3
0.676,2.3
0.676,2.3
0.676,2.3
0.676,2.3
0.676,2.3
0.676,2.3
0.677,2.3
0.677,2.3
0.677,2.4
0.677,2.4
0.677,2.4
0.677,2.4
0.677,2.4
0.677,2.4
0.678,2.4
0.678,2.5
0.678,2.5
0.678,2.5
0.678,2.5
0.678,2.5
0.678,2.6
0.678,2.6
0.679,2.6
0.679,2.6
0.679,2.6
0.679,2.6
0.679,2.6
0.679,2.7
0.679,2.7
0.68,2.7
0.68,2.7
0.68,2.7
0.68,2.8
0.68,2.8
0.68,2.8
0.68,2.8
0.68,2.8
0.68,2.8
0.68,2.8
0.681,2.9
0.681,2.9
0.681,2.9
0.681,2.9
0.681,3
0.682,3
0.682,3
0.682,3
0.682,3
0.682,3.1
0.682,3
0.682,3
0.682,3
0.682,3.1
0.682,3.1
0.682,3.1
0.682,3.1
0.682,3.1
0.682,3.1
0.682,3.1
0.682,3.1
0.682,3.1
0.682,3.1
0.682,3.1
0.682,3.1
0.682,3.1
0.683,3.1
0.683,3.1
0.683,3.2
0.683,3.2
0.683,3.2
0.683,3.2
0.683,3.2
0.683,3.2
0.683,3.2
0.683,3.2
0.683,3.2
0.683,3.2
0.683,3.2
0.684,3.3
0.684,3.3
0.684,3.3
0.684,3.3
0.684,3.3
0.684,3.3
0.684,3.3
0.684,3.3
0.684,3.4
0.684,3.3
0.684,3.4
0.684,3.4
0.684,3.4
0.684,3.4
0.684,3.4
0.685,3.4
0.685,3.4
0.685,3.4
0.685,3.5
0.685,3.5
0.685,3.4
0.685,3.5
0.685,3.5
0.685,3.5
0.685,3.5
0.685,3.5
0.686,3.6
0.686,3.6
0.686,3.6
0.686,3.6
0.686,3.7
0.686,3.7
0.686,3.7
0.687,3.7
0.687,3.7
0.687,3.8
0.687,3.8
0.687,3.8
0.687,3.8
0.687,3.8
0.687,3.8
0.687,3.9
0.687,3.9
0.688,3.9
0.688,3.9
0.688,3.9
0.688,4
0.688,4
0.688,4
0.688,4
0.688,4
0.688,4
0.689,4.1
0.689,4.1
0.689,4.1
0.689,4.1
0.689,4.1
0.689,4.2
0.689,4.2
0.689,4.2
0.69,4.2
0.69,4.2
0.69,4.3
0.69,4.3
0.69,4.3
0.69,4.4
0.69,4.4
0.691,4.4
0.691,4.5
0.691,4.5
0.691,4.5
0.691,4.6
0.691,4.6
0.692,4.6
0.692,4.7
0.692,4.7
0.692,4.7
0.692,4.7
0.692,4.7
0.692,4.8
0.692,4.8
0.693,4.8
0.693,4.9
0.693,4.9
0.693,4.9
0.693,4.9
0.693,4.9
0.693,5
0.693,5
0.693,5
0.694,5.1
0.694,5.1
0.694,5.1
0.694,5.1
0.694,5.1
0.694,5.2
0.694,5.2
0.694,5.2
0.694,5.2
0.695,5.3
0.695,5.3
0.695,5.3
0.695,5.4
0.695,5.4
0.695,5.4
0.695,5.5
0.696,5.5
0.696,5.5
0.696,5.5
0.696,5.5
0.696,5.6
0.696,5.6
0.696,5.6
0.696,5.6
0.697,5.7
0.697,5.7
0.697,5.7
0.697,5.7
0.697,5.7
0.697,5.8
0.697,5.8
0.697,5.8
0.697,5.9
0.698,5.9
0.698,5.9
0.698,5.9
0.698,6
0.698,6
0.698,6
0.698,6
0.698,6
0.698,6.1
0.699,6.1
0.699,6.1
0.699,6.1
0.699,6.2
0.699,6.2
0.699,6.2
0.699,6.3
0.699,6.3
0.7,6.3
0.7,6.3
0.7,6.4
0.7,6.4
0.7,6.4
0.7,6.4
0.7,6.5
0.7,6.5
0.701,6.5
0.701,6.5
0.701,6.6
0.701,6.6
0.701,6.7
0.701,6.7
0.701,6.7
0.702,6.7
0.702,6.8
0.702,6.8
0.702,6.8
0.702,6.8
0.702,6.8
0.702,6.9
0.703,7
0.703,7
0.703,7
0.703,7.1
0.703,7.1
0.703,7.1
0.703,7.2
0.704,7.2
0.704,7.2
0.704,7.2
0.704,7.3
0.704,7.3
0.704,7.3
0.704,7.3
0.704,7.4
0.704,7.4
0.705,7.4
0.705,7.4
0.705,7.5
0.705,7.5
0.705,7.5
0.705,7.5
0.705,7.6
0.705,7.6
0.705,7.6
0.705,7.6
0.705,7.6
0.706,7.6
0.706,7.6
0.706,7.7
0.706,7.7
0.706,7.7
0.706,7.7
0.706,7.7
0.706,7.7
0.706,7.8
0.706,7.8
0.706,7.8
0.706,7.8
0.706,7.8
0.707,7.9
0.707,7.9
0.707,7.9
0.707,7.9
0.707,7.9
0.707,7.9
0.707,8
0.707,8
0.707,8
0.707,8
0.707,8
0.707,8
0.707,8
0.708,8.1
0.708,8.1
0.708,8.1
0.708,8.1
0.708,8.2
0.708,8.2
0.708,8.2
0.708,8.2
0.708,8.2
0.708,8.2
0.708,8.3
0.708,8.3
0.708,8.3
0.708,8.3
0.708,8.3
0.709,8.4
0.709,8.3
0.709,8.4
0.709,8.4
0.709,8.4
0.709,8.4
0.709,8.4
0.709,8.4
0.709,8.4
0.709,8.5
0.709,8.4
0.709,8.5
0.709,8.5
0.709,8.5
0.709,8.5
0.709,8.6
0.71,8.6
0.71,8.6
0.71,8.6
0.71,8.6
0.71,8.6
0.71,8.6
0.71,8.6
0.71,8.7
0.71,8.7
0.71,8.7
0.71,8.7
0.71,8.7
0.71,8.8
0.71,8.8
0.71,8.8
0.711,8.8
0.711,8.8
0.711,8.8
0.711,8.9
0.711,8.9
0.711,8.9
0.711,8.9
0.711,8.9
0.711,9
0.711,9
0.712,9
0.712,9
0.712,9
0.712,9
0.712,9
0.712,9.1
0.712,9.1
0.712,9.1
0.712,9.1
0.712,9.2
0.712,9.2
0.713,9.2
0.713,9.2
0.713,9.2
0.713,9.3
0.713,9.3
0.713,9.3
0.713,9.3
0.713,9.3
0.713,9.4
0.713,9.4
0.714,9.4
0.714,9.4
0.714,9.5
0.714,9.5
0.714,9.5
0.714,9.5
0.714,9.6
0.714,9.6
0.714,9.6
0.715,9.7
0.715,9.7
0.715,9.7
0.715,9.8
0.715,9.8
0.715,9.8
0.715,9.9
0.716,9.9
0.716,9.9
0.716,9.9
0.716,10
0.716,10
0.716,10
0.716,10
0.716,10
0.716,10.1
0.717,10.1
0.717,10.1
0.717,10.2
0.717,10.2
0.717,10.2
0.717,10.2
0.717,10.2
0.717,10.2
0.717,10.3
0.718,10.3
0.718,10.3
0.718,10.3
0.718,10.3
0.718,10.4
0.718,10.4
0.718,10.4
0.718,10.4
0.718,10.5
0.719,10.5
0.719,10.5
0.719,10.5
0.719,10.6
0.719,10.6
0.719,10.6
0.719,10.6
0.719,10.6
0.719,10.6
0.72,10.6
0.72,10.7
0.72,10.7
0.72,10.7
0.72,10.8
0.72,10.8
0.72,10.8
0.72,10.8
0.72,10.9
0.721,10.9
0.721,10.9
0.721,10.9
0.721,11
0.721,11
0.721,11
0.721,11
0.721,11
0.721,11.1
0.722,11.1
0.722,11.1
0.722,11.1
0.722,11.1
0.722,11.2
0.722,11.2
0.722,11.2
0.722,11.2
0.722,11.2
0.723,11.2
0.723,11.3
0.723,11.3
0.723,11.3
0.723,11.3
0.723,11.4
0.723,11.4
0.724,11.4
0.724,11.4
0.724,11.4
0.724,11.4
0.724,11.5
0.724,11.5
0.724,11.5
0.725,11.5
0.725,11.5
0.725,11.6
0.725,11.6
0.725,11.6
0.726,11.6
0.726,11.6
0.726,11.6
0.726,11.6
0.726,11.6
0.726,11.6
0.726,11.7
0.727,11.7
0.727,11.7
0.727,11.7
0.727,11.7
0.727,11.7
0.727,11.7
0.728,11.7
0.728,11.7
0.728,11.7
0.728,11.7
0.728,11.8
0.729,11.8
0.729,11.8
0.729,11.8
0.729,11.8
0.729,11.8
0.73,11.8
0.73,11.9
0.73,11.8
0.73,11.9
0.73,11.9
0.731,11.9
0.731,11.9
0.731,11.9
0.731,11.9
0.732,11.9
0.732,12
0.732,12
0.732,12
0.732,12
0.732,12
0.733,12.1
0.733,12
0.733,12
0.733,12
0.733,12.1
0.733,12.1
0.734,12.1
0.734,12.1
0.734,12.1
0.734,12.1
0.734,12.1
0.734,12.1
0.734,12.2
0.734,12.2
0.735,12.2
0.735,12.2
0.735,12.2
0.735,12.2
0.735,12.2
0.735,12.2
0.735,12.2
0.735,12.2
0.735,12.2
0.735,12.2
0.735,12.2
0.735,12.3
0.736,12.3
0.736,12.3
0.736,12.3
0.736,12.3
0.736,12.3
0.736,12.3
0.736,12.3
0.736,12.3
0.736,12.3
0.736,12.4
0.737,12.4
0.737,12.4
0.737,12.5
0.737,12.5
0.737,12.5
0.737,12.5
0.737,12.5
0.737,12.6
0.738,12.6
0.738,12.6
0.738,12.6
0.738,12.6
0.738,12.7
0.738,12.7
0.738,12.7
0.739,12.7
0.739,12.7
0.739,12.8
0.739,12.8
0.739,12.8
0.739,12.8
0.739,12.9
0.74,12.9
0.74,12.9
0.74,12.9
0.74,13
0.74,13
0.74,13
0.741,13.1
0.741,13.1
0.741,13.1
0.741,13.1
0.741,13.1
0.741,13.2
0.741,13.2
0.742,13.2
0.742,13.3
0.742,13.3
0.742,13.3
0.742,13.4
0.742,13.4
0.743,13.4
0.743,13.4
0.743,13.4
0.743,13.4
0.743,13.4
0.743,13.5
0.744,13.5
0.744,13.5
0.744,13.5
0.744,13.6
0.744,13.6
0.744,13.6
0.744,13.6
0.745,13.6
0.745,13.6
0.745,13.6
0.745,13.6
0.745,13.6
0.745,13.7
0.746,13.7
0.746,13.6
0.746,13.6
0.746,13.7
0.746,13.7
0.746,13.6
0.746,13.6
0.746,13.6
0.747,13.6
0.747,13.6
0.747,13.6
0.747,13.5
0.747,13.5
0.747,13.5
0.748,13.5
0.748,13.5
0.748,13.5
0.748,13.4
0.748,13.4
0.749,13.4
0.749,13.3
0.749,13.3
0.749,13.3
0.75,13.2
0.75,13.1
0.75,13
0.75,12.9
0.751,12.9
0.751,12.8
0.751,12.7
0.752,12.6
0.752,12.5
0.753,12.3
0.753,12.2
0.753,12.1
0.754,12
0.754,11.9
0.754,11.7
0.755,11.6
0.755,11.4
0.755,11.3
0.756,11.2
0.756,11.2
0.756,11.1
0.756,11.1
0.756,11
0.757,11
0.757,10.9
0.757,10.9
0.757,10.8
0.757,10.8
0.757,10.8
0.758,10.7
0.758,10.7
0.758,10.6
0.758,10.6
0.759,10.6
0.759,10.5
0.759,10.5
0.759,10.5
0.76,10.5
0.76,10.5
0.76,10.5
0.76,10.5
0.761,10.6
0.761,10.6
0.761,10.7
0.761,10.7
0.762,10.8
0.762,10.9
0.762,11
0.762,11.1
0.763,11.2
0.763,11.3
0.763,11.5
0.764,11.7
0.764,11.8
0.764,12
0.764,12.2
0.765,12.4
0.765,12.6
0.765,12.9
0.765,13.1
0.766,13.3
0.766,13.5
0.766,13.8
0.766,14
0.766,14.3
0.767,14.6
0.767,14.9
0.767,15.2
0.768,15.6
0.768,16
0.768,16.3
0.768,16.6
0.768,16.8
0.769,17.2
0.769,17.5
0.769,17.7
0.769,18
0.769,18.3
0.77,18.6
0.77,19
0.77,19.3
0.77,19.7
0.771,20
0.771,20.4
0.771,20.8
0.771,21.2
0.771,21.5
0.772,21.9
0.772,22.3
0.772,22.7
0.772,23.1
0.773,23.5
0.773,23.8
0.773,24.2
0.773,24.7
0.774,25.1
0.774,25.5
0.774,25.8
0.774,26
0.774,26.4
0.775,26.8
0.775,27.1
0.775,27.3
0.775,27.6
0.776,27.9
0.776,28.2
0.776,28.4
0.776,28.7
0.776,29
0.777,29.2
0.777,29.5
0.777,29.8
0.777,30
0.777,30.2
0.777,30.4
0.778,30.6
0.778,30.8
0.778,30.9
0.778,31.1
0.778,31.3
0.778,31.5
0.778,31.6
0.779,31.8
0.779,31.9
0.779,32.1
0.779,32.3
0.779,32.4
0.779,32.5
0.78,32.5
0.78,32.6
0.78,32.7
0.78,32.8
0.78,32.9
0.78,33
0.78,33.1
0.78,33.3
0.78,33.4
0.781,33.4
0.781,33.6
0.781,33.6
0.781,33.7
0.781,33.8
0.781,33.9
0.781,33.9
0.781,34
0.782,34.1
0.782,34.2
0.782,34.2
0.782,34.2
0.782,34.2
0.782,34.3
0.782,34.4
0.782,34.5
0.782,34.5
0.783,34.6
0.783,34.7
0.783,34.8
0.783,34.8
0.783,34.8
0.783,34.9
0.783,34.9
0.783,34.9
0.783,35
0.783,35
0.784,35
0.784,35.1
0.784,35.2
0.784,35.3
0.784,35.4
0.784,35.5
0.784,35.6
0.784,35.7
0.784,35.7
0.785,35.8
0.785,35.8
0.785,35.9
0.785,36
0.785,36
0.785,36
0.785,36.1
0.785,36.2
0.786,36.3
0.786,36.4
0.786,36.4
0.786,36.4
0.786,36.4
0.786,36.5
0.786,36.6
0.786,36.6
0.787,36.7
0.787,36.7
0.787,36.8
0.787,36.9
0.787,36.9
0.787,36.9
0.787,37
0.788,37.1
0.788,37.1
0.788,37.2
0.788,37.2
0.788,37.2
0.788,37.3
0.788,37.3
0.788,37.4
0.788,37.4
0.789,37.5
0.789,37.6
0.789,37.6
0.789,37.6
0.789,37.7
0.789,37.7
0.789,37.8
0.789,37.9
0.79,37.9
0.79,37.9
0.79,37.9
0.79,38
0.79,38
0.79,38.1
0.79,38.1
0.79,38.2
0.791,38.2
0.791,38.3
0.791,38.3
0.791,38.4
0.791,38.4
0.792,38.4
0.792,38.4
0.792,38.5
0.792,38.5
0.792,38.5
0.792,38.6
0.793,38.7
0.793,38.7
0.793,38.8
0.793,38.8
0.794,38.9
0.794,38.9
0.794,38.9
0.794,38.9
0.794,39
0.794,39
0.795,39.1
0.795,39.2
0.795,39.1
0.795,39.1
0.795,39.2
0.796,39.3
0.796,39.3
0.796,39.4
0.796,39.4
0.796,39.4
0.796,39.5
0.797,39.5
0.797,39.5
0.797,39.5
0.797,39.6
0.797,39.7
0.797,39.8
0.798,39.8
0.798,39.8
0.798,39.8
0.798,39.9
0.798,40
0.798,40
0.799,40
0.799,40
0.799,40
0.799,40.1
0.799,40.1
0.799,40.1
0.8,40.1
0.8,40.2
0.8,40.3
0.8,40.3
0.8,40.3
0.8,40.3
0.801,40.4
0.801,40.4
0.801,40.4
0.801,40.4
0.801,40.5
0.801,40.5
0.802,40.5
0.802,40.5
0.802,40.5
0.802,40.6
0.802,40.6
0.802,40.7
0.803,40.7
0.803,40.8
0.803,40.8
0.803,40.8
0.803,40.8
0.803,40.9
0.804,40.9
0.804,40.9
0.804,40.9
0.804,40.9
0.804,40.9
0.804,40.9
0.804,40.9
0.805,41
0.805,41
0.805,41
0.805,41.1
0.805,41.1
0.805,41.2
0.805,41.2
0.805,41.2
0.805,41.2
0.805,41.3
0.805,41.3
0.806,41.3
0.806,41.3
0.806,41.2
0.806,41.2
0.806,41.2
0.806,41.3
0.806,41.3
0.806,41.3
0.806,41.2
0.806,41.3
0.807,41.3
0.807,41.3
0.807,41.4
0.807,41.3
0.807,41.4
0.807,41.3
0.807,41.4
0.807,41.4
0.807,41.4
0.808,41.4
0.808,41.4
0.808,41.5
0.808,41.6
0.808,41.5
0.808,41.5
0.808,41.5
0.808,41.5
0.808,41.5
0.809,41.5
0.809,41.5
0.809,41.5
0.809,41.6
0.809,41.5
0.809,41.5
0.809,41.6
0.809,41.6
0.809,41.7
0.809,41.7
0.81,41.7
0.81,41.7
0.81,41.6
0.81,41.7
0.81,41.6
0.81,41.6
0.81,41.6
0.81,41.6
0.81,41.6
0.81,41.7
0.81,41.7
0.81,41.7
0.811,41.7
0.811,41.7
0.811,41.7
0.811,41.8
0.811,41.8
0.811,41.7
0.811,41.7
0.811,41.7
0.811,41.6
0.811,41.7
0.811,41.7
0.812,41.7
0.812,41.7
0.812,41.7
0.812,41.7
0.812,41.7
0.812,41.7
0.812,41.7
0.813,41.7
0.813,41.6
0.813,41.6
0.813,41.6
0.813,41.6
0.813,41.6
0.814,41.6
0.814,41.7
0.814,41.6
0.814,41.7
0.814,41.7
0.814,41.7
0.815,41.7
0.815,41.7
0.815,41.7
0.815,41.6
0.815,41.6
0.816,41.6
0.816,41.6
0.816,41.6
0.816,41.6
0.816,41.6
0.816,41.5
0.816,41.5
0.817,41.5
0.817,41.5
0.817,41.5
0.817,41.5
0.817,41.5
0.817,41.5
0.818,41.5
0.818,41.5
0.818,41.5
0.818,41.5
0.818,41.4
0.818,41.4
0.819,41.4
0.819,41.3
0.819,41.3
0.819,41.3
0.819,41.3
0.819,41.3
0.82,41.3
0.82,41.3
0.82,41.3
0.82,41.4
0.82,41.4
0.82,41.4
0.821,41.3
0.821,41.2
0.821,41.2
0.821,41.2
0.821,41.2
0.821,41.2
0.822,41.1
0.822,41.1
0.822,41.2
0.822,41.2
0.822,41.2
0.822,41.2
0.823,41.1
0.823,41.1
0.823,41.2
0.823,41.2
0.823,41.1
0.823,41.1
0.823,41.2
0.824,41.2
0.824,41.2
0.824,41.2
0.824,41.2
0.824,41.2
0.824,41.2
0.824,41.2
0.824,41.1
0.824,41.1
0.825,41.1
0.825,41.1
0.825,41.1
0.825,41.1
0.825,41.1
0.825,41.1
0.825,41.1
0.825,41.1
0.825,41.1
0.825,41
0.826,41
0.826,41
0.826,41
0.826,40.9
0.826,40.9
0.826,40.8
0.826,40.8
0.826,40.8
0.826,40.8
0.827,40.8
0.827,40.8
0.827,40.8
0.827,40.8
0.827,40.8
0.827,40.7
0.827,40.7
0.828,40.7
0.828,40.7
0.828,40.7
0.828,40.7
0.828,40.7
0.828,40.7
0.829,40.7
0.829,40.7
0.829,40.6
0.829,40.6
0.829,40.5
0.829,40.4
0.829,40.3
0.83,40.3
0.83,40.3
0.83,40.3
0.83,40.3
0.83,40.3
0.83,40.3
0.831,40.3
0.831,40.3
0.831,40.3
0.831,40.3
0.831,40.3
0.831,40.2
0.831,40.2
0.832,40.1
0.832,40
0.832,40
0.832,39.9
0.832,39.9
0.832,39.9
0.832,39.9
0.832,39.8
0.833,39.8
0.833,39.8
0.833,39.8
0.833,39.7
0.833,39.6
0.833,39.6
0.833,39.6
0.834,39.6
0.834,39.6
0.834,39.5
0.834,39.5
0.834,39.5
0.834,39.4
0.834,39.4
0.835,39.4
0.835,39.4
0.835,39.4
0.835,39.4
0.835,39.4
0.835,39.4
0.835,39.4
0.835,39.4
0.835,39.4
0.835,39.4
0.835,39.3
0.836,39.3
0.836,39.2
0.836,39.1
0.836,39.1
0.836,39.1
0.836,39.1
0.837,39
0.837,38.9
0.837,38.9
0.837,38.8
0.837,38.8
0.837,38.8
0.838,38.7
0.838,38.6
0.838,38.6
0.838,38.6
0.838,38.6
0.839,38.6
0.839,38.5
0.839,38.5
0.84,38.5
0.84,38.5
0.84,38.4
0.84,38.3
0.841,38.2
0.841,38.2
0.841,38.2
0.841,38.2
0.842,38
0.842,37.9
0.842,37.9
0.842,37.8
0.842,37.8
0.843,37.7
0.843,37.7
0.843,37.6
0.843,37.6
0.844,37.5
0.844,37.5
0.844,37.5
0.844,37.5
0.844,37.3
0.845,37.3
0.845,37.2
0.845,37.1
0.845,37.1
0.845,37.1
0.845,37
0.846,36.9
0.846,36.8
0.846,36.8
0.846,36.8
0.846,36.8
0.847,36.7
0.847,36.7
0.847,36.6
0.847,36.6
0.848,36.5
0.848,36.4
0.848,36.3
0.848,36.2
0.849,36.2
0.849,36.1
0.849,36.1
0.849,36
0.849,35.9
0.85,35.9
0.85,35.8
0.85,35.8
0.85,35.8
0.85,35.7
0.85,35.7
0.851,35.6
0.851,35.6
0.851,35.6
0.851,35.5
0.851,35.4
0.852,35.2
0.852,35.2
0.852,35.2
0.852,35.1
0.852,35.1
0.852,35.1
0.852,35
0.853,34.9
0.853,34.9
0.853,34.8
0.853,34.8
0.853,34.8
0.853,34.8
0.854,34.7
0.854,34.6
0.854,34.6
0.854,34.6
0.854,34.6
0.854,34.6
0.854,34.6
0.854,34.6
0.854,34.6
0.854,34.6
0.854,34.6
0.854,34.5
0.854,34.5
0.854,34.6
0.854,34.6
0.854,34.6
0.854,34.6
0.854,34.6
0.854,34.6
0.854,34.5
0.854,34.4
0.854,34.4
0.854,34.4
0.854,34.5
0.854,34.5
0.854,34.5
0.854,34.5
0.854,34.5
0.854,34.5
0.854,34.5
0.854,34.6
0.854,34.5
0.854,34.5
0.854,34.5
0.854,34.6
0.854,34.6
0.854,34.6
0.854,34.6
0.854,34.6
0.854,34.6
0.854,34.6
0.854,34.6
0.854,34.6
0.854,34.6
0.854,34.6
0.854,34.6
0.854,34.6
0.854,34.6
0.854,34.6
0.854,34.6
0.854,34.6
0.854,34.7
0.854,34.6
0.854,34.6
0.854,34.7
0.854,34.7
0.854,34.7
0.854,34.7
0.854,34.7
0.854,34.7
0.854,34.7
0.854,34.7
0.854,34.7
0.854,34.7
0.854,34.7
0.854,34.7
0.854,34.7
0.854,34.7
0.854,34.7